城市,编号,名称,地区,经纬度
北京市,BV10006791,西单(地铁站),西城区,"116.374072,39.907383"
北京市,BV10013514,回龙观(地铁站),昌平区,"116.336116,40.070800"
北京市,BV10000102,北京西站(地铁站),丰台区,"116.321262,39.894763"
北京市,BV10001595,西直门(地铁站),西城区,"116.355426,39.940474"
北京市,BV10013425,长阳(地铁站),房山区,"116.212692,39.763871"
北京市,BV10003869,天宫院(地铁站),大兴区,"116.319932,39.670342"
北京市,BV10006499,天安门东(地铁站),东城区,"116.401216,39.907780"
北京市,BV10006813,北京站(地铁站),东城区,"116.427287,39.904983"
北京市,BV10013446,天通苑(地铁站),昌平区,"116.412890,40.075248"
北京市,BV10000338,沙河(地铁站),昌平区,"116.288865,40.148278"
北京市,BV10590951,景泰(地铁站),东城区,"116.411026,39.865250"
北京市,BV10006454,北京南站(地铁站),丰台区,"116.379008,39.865012"
北京市,BV10006886,五道口(地铁站),海淀区,"116.337742,39.992894"
北京市,BV10000199,三元桥(地铁站),朝阳区,"116.456997,39.961508"
北京市,BV10007027,西二旗(地铁站),海淀区,"116.306295,40.053034"
北京市,BV10009415,3号航站楼(地铁站),顺义区,"116.615579,40.052544"
北京市,BV10013461,国贸(地铁站),朝阳区,"116.461841,39.909104"
北京市,BV10004138,土桥(地铁站),通州区,"116.686349,39.871926"
北京市,BV10013367,十里河(地铁站),朝阳区,"116.457983,39.866417"
北京市,BV10013454,苹果园(地铁站),石景山区,"116.178647,39.925846"
北京市,BV10013457,五棵松(地铁站),海淀区,"116.273987,39.907456"
北京市,BV10416639,潞城(地铁站),通州区,"116.747434,39.902652"
北京市,BV10013356,望京(地铁站),朝阳区,"116.469409,39.998521"
北京市,BV11640695,金鱼胡同(地铁站),东城区,"116.411188,39.915927"
北京市,BV10006496,王府井(地铁站),东城区,"116.411571,39.908069"
北京市,BV11095929,中国美术馆(地铁站),东城区,"116.410803,39.923705"
北京市,BV10013433,崇文门(地铁站),东城区,"116.417093,39.901063"
北京市,BV10005884,前门(地铁站),东城区,"116.397937,39.900192"
北京市,BV11640688,天桥(地铁站),东城区,"116.398712,39.881920"
北京市,BV10013440,东单(地铁站),东城区,"116.418480,39.908325"
北京市,BV10396213,桥湾(地铁站),东城区,"116.408464,39.892725"
北京市,BV10005941,天安门西(地铁站),西城区,"116.391278,39.907472"
北京市,BV10013383,磁器口(地铁站),东城区,"116.419940,39.893172"
北京市,BV10013381,珠市口(地铁站),东城区,"116.398372,39.891334"
北京市,BV10013441,灯市口(地铁站),东城区,"116.417783,39.917113"
北京市,BV10013434,和平门(地铁站),西城区,"116.384209,39.900098"
北京市,BV10013442,东四(地铁站),东城区,"116.417493,39.924370"
北京市,BV10013432,建国门(地铁站),朝阳区,"116.435806,39.908501"
北京市,BV10013380,虎坊桥(地铁站),西城区,"116.384596,39.889486"
北京市,BV10006633,广渠门内(地铁站),东城区,"116.433877,39.893673"
北京市,BV10013439,天坛东门(地铁站),东城区,"116.420833,39.882558"
北京市,BV11031730,潘家园西(地铁站),朝阳区,"116.450872,39.876233"
北京市,BV11640699,木樨园(地铁站),丰台区,"116.399839,39.859262"
北京市,BV10013415,宣武门(地铁站),西城区,"116.374355,39.899784"
北京市,BV10008400,灵境胡同(地铁站),西城区,"116.373746,39.915912"
北京市,BV11255158,核心区(地铁站),朝阳区,"116.469547,39.909845"
北京市,BV11255155,光华路(地铁站),朝阳区,"116.469555,39.913574"
北京市,BV10004298,朝阳门(地铁站),朝阳区,"116.434584,39.924499"
北京市,BV10013379,菜市口(地铁站),西城区,"116.374425,39.889296"
北京市,BV10013392,南锣鼓巷(地铁站),东城区,"116.404192,39.933848"
北京市,BV10001045,张自忠路(地铁站),东城区,"116.417156,39.933592"
北京市,BV11640692,海户屯(地铁站),丰台区,"116.400301,39.851805"
北京市,BV11031724,左家庄(地铁站),东城区,"116.442117,39.949568"
北京市,BV10013414,西四(地铁站),西城区,"116.373332,39.924206"
北京市,BV10013508,北海北(地铁站),西城区,"116.386829,39.933247"
北京市,BV10013460,永安里(地铁站),朝阳区,"116.450330,39.908472"
北京市,BV10013384,广渠门外(地铁站),东城区,"116.448998,39.893648"
北京市,BV11409822,玉渊潭东门(地铁站),西城区,"116.334531,39.913955"
北京市,BV10013435,长椿街(地铁站),西城区,"116.363355,39.899433"
北京市,BV10881790,太平桥(地铁站),西城区,"116.363245,39.909755"
北京市,BV10013462,什刹海(地铁站),西城区,"116.396219,39.937583"
北京市,BV11317432,北京东站(地铁站),朝阳区,"116.482682,39.902267"
北京市,BV10013416,陶然亭(地铁站),西城区,"116.374383,39.878470"
北京市,BV10001047,东四十条(地铁站),东城区,"116.434133,39.933801"
北京市,BV11409821,红莲南里(地铁站),西城区,"116.336977,39.877629"
北京市,BV10881789,牛街(地铁站),西城区,"116.363468,39.890541"
北京市,BV10013443,北新桥(地铁站),东城区,"116.416884,39.940782"
北京市,BV10013368,永定门外(地铁站),东城区,"116.399369,39.867435"
北京市,BV10013369,陶然桥(地铁站),东城区,"116.387167,39.868791"
北京市,BV10007375,复兴门(地铁站),西城区,"116.356866,39.907242"
北京市,BV10000548,东大桥(地铁站),朝阳区,"116.451657,39.923054"
北京市,BV11315921,慈云寺桥(地铁站),朝阳区,"116.489807,39.915550"
北京市,BV10013413,平安里(地铁站),西城区,"116.372883,39.933949"
北京市,BV10396212,广安门内(地铁站),西城区,"116.358239,39.889418"
北京市,BV10006603,蒲黄榆(地铁站),丰台区,"116.423720,39.865621"
北京市,BV11640689,大红门南(地铁站),丰台区,"116.401045,39.836715"
北京市,BV10000309,南礼士路(地铁站),西城区,"116.352583,39.907234"
北京市,BV10002731,东直门(地铁站),东城区,"116.435842,39.941626"
北京市,BV10013490,金台夕照(地铁站),朝阳区,"116.461743,39.916838"
北京市,BV10001036,阜成门(地铁站),西城区,"116.356009,39.923686"
北京市,BV10701089,工人体育场(地铁站),朝阳区,"116.450366,39.933758"
北京市,BV10013385,双井(地铁站),朝阳区,"116.463738,39.893352"
北京市,BV10001936,安定门(地铁站),东城区,"116.408240,39.949180"
北京市,BV11031729,周家庄(地铁站),朝阳区,"116.476361,39.856706"
北京市,BV10013489,呼家楼(地铁站),朝阳区,"116.461618,39.923337"
北京市,BV10006563,雍和宫(地铁站),东城区,"116.417069,39.949336"
北京市,BV10013431,鼓楼大街(地铁站),西城区,"116.393776,39.948972"
北京市,BV10012561,方庄(地铁站),丰台区,"116.440244,39.865868"
北京市,BV10007162,劲松(地铁站),朝阳区,"116.461325,39.884387"
北京市,BV10013412,新街口(地铁站),西城区,"116.367742,39.940667"
北京市,BV11255159,广渠路(地铁站),朝阳区,"116.504037,39.893106"
北京市,BV10013438,刘家窑(地铁站),丰台区,"116.422119,39.857521"
北京市,BV10013437,车公庄(地铁站),西城区,"116.354357,39.932397"
北京市,BV10000543,潘家园(地铁站),朝阳区,"116.460926,39.875387"
北京市,BV11255157,广渠东路(地铁站),朝阳区,"116.508774,39.887362"
北京市,BV10011994,团结湖(地铁站),朝阳区,"116.461806,39.933747"
北京市,BV10013430,积水潭(地铁站),西城区,"116.373126,39.948653"
北京市,BV10590952,景风门(地铁站),丰台区,"116.365564,39.862731"
北京市,BV10013364,大望路(地铁站),朝阳区,"116.475783,39.908287"
北京市,BV10013459,木樨地(地铁站),西城区,"116.337583,39.907379"
北京市,BV10013463,安德里北街(地铁站),东城区,"116.395145,39.957227"
北京市,BV10006616,和平里北街(地铁站),东城区,"116.418504,39.958734"
北京市,BV10013363,红庙(地铁站),朝阳区,"116.478064,39.915605"
北京市,BV10006224,九龙山(地铁站),朝阳区,"116.478695,39.893222"
北京市,BV10001223,农业展览馆(地铁站),朝阳区,"116.461724,39.941344"
北京市,BV11315918,甘露园(地铁站),朝阳区,"116.521165,39.916879"
北京市,BV10005975,达官营(地铁站),西城区,"116.336455,39.889884"
北京市,BV10000051,车公庄西(地铁站),西城区,"116.344082,39.932466"
北京市,BV11640697,和义(地铁站),丰台区,"116.402073,39.814838"
北京市,BV10007475,平乐园(地铁站),朝阳区,"116.477307,39.885275"
北京市,BV10013511,柳芳(地铁站),朝阳区,"116.432728,39.958157"
北京市,BV10008284,金台路(地铁站),朝阳区,"116.478115,39.923556"
北京市,BV10013370,西铁营(地铁站),丰台区,"116.355953,39.861358"
北京市,BV10009949,马家堡(地铁站),丰台区,"116.371361,39.853109"
北京市,BV10013492,石榴庄(地铁站),丰台区,"116.414103,39.845905"
北京市,BV11031727,十八里店(地铁站),朝阳区,"116.495847,39.844300"
北京市,BV10013501,甘家口(地铁站),海淀区,"116.334534,39.923392"
北京市,BV10000737,大红门(地铁站),丰台区,"116.399154,39.845383"
北京市,BV10000743,宋家庄(地铁站),丰台区,"116.428368,39.845849"
北京市,BV10590953,北工大西门(地铁站),朝阳区,"116.477318,39.875437"
北京市,BV10013493,角门东(地铁站),丰台区,"116.385649,39.845135"
北京市,BV10000196,亮马桥(地铁站),朝阳区,"116.461794,39.949415"
北京市,BV10416593,朝阳公园(地铁站),朝阳区,"116.478291,39.933492"
北京市,BV10013371,菜户营(地铁站),丰台区,"116.342444,39.867627"
北京市,BV10006771,动物园(地铁站),西城区,"116.339031,39.938250"
北京市,BV11640698,东高地(地铁站),丰台区,"116.409427,39.805074"
北京市,BV10013386,大郊亭(地铁站),朝阳区,"116.487935,39.893183"
北京市,BV10006599,湾子(地铁站),西城区,"116.327753,39.889954"
北京市,BV10007166,分钟寺(地铁站),丰台区,"116.453976,39.852227"
北京市,BV10000063,二里沟(地铁站),西城区,"116.333517,39.933844"
北京市,BV10874514,安贞桥(地铁站),东城区,"116.407446,39.968916"
北京市,BV10013417,角门西(地铁站),丰台区,"116.371154,39.845850"
北京市,BV10001221,和平西桥(地铁站),朝阳区,"116.417975,39.968386"
北京市,BV10013464,安华桥(地铁站),朝阳区,"116.394655,39.968507"
北京市,BV10416587,枣营(地铁站),朝阳区,"116.474947,39.944132"
北京市,BV10013476,白堆子(地铁站),海淀区,"116.325762,39.923818"
北京市,BV10013491,成寿寺(地铁站),朝阳区,"116.447531,39.845874"
北京市,BV10000188,军事博物馆(地铁站),海淀区,"116.321459,39.907422"
北京市,BV10013512,光熙门(地铁站),朝阳区,"116.431761,39.968337"
北京市,BV11640693,火箭万源(地铁站),丰台区,"116.418627,39.799287"
北京市,BV10874517,马甸(地铁站),西城区,"116.380788,39.968193"
北京市,BV10874512,西坝河(地铁站),朝阳区,"116.441541,39.966297"
北京市,BV10000275,四惠(地铁站),朝阳区,"116.495456,39.908749"
北京市,BV10013372,丽泽商务区(地铁站),丰台区,"116.331268,39.867718"
北京市,BV10000061,白石桥南(地铁站),海淀区,"116.325680,39.933022"
北京市,BV10000647,百子湾(地铁站),朝阳区,"116.497768,39.892530"
北京市,BV10874516,北太平庄(地铁站),海淀区,"116.370070,39.968793"
北京市,BV10000222,草桥(地铁站),丰台区,"116.351387,39.845869"
北京市,BV10013487,安贞门(地铁站),朝阳区,"116.405954,39.977005"
北京市,BV10008170,公益西桥(地铁站),丰台区,"116.370837,39.836981"
北京市,BV10000269,六里桥东(地铁站),丰台区,"116.315024,39.887125"
北京市,BV11409820,富丰桥(地铁站),丰台区,"116.286877,39.836199"
北京市,BV10013465,北土城(地铁站),朝阳区,"116.394193,39.976953"
北京市,BV10005412,惠新西街南口(地铁站),朝阳区,"116.417537,39.977121"
北京市,BV10000252,国家图书馆(地铁站),海淀区,"116.325190,39.943114"
北京市,BV10002829,莲花桥(地铁站),海淀区,"116.310347,39.897867"
北京市,BV10000306,公主坟(地铁站),海淀区,"116.309919,39.907469"
北京市,BV10013488,太阳宫(地铁站),朝阳区,"116.447469,39.972678"
北京市,BV10004058,健德门(地铁站),朝阳区,"116.381353,39.976723"
北京市,BV10000481,十里堡(地铁站),朝阳区,"116.502045,39.923076"
北京市,BV10847817,蓟门桥(地铁站),海淀区,"116.354661,39.967710"
北京市,BV10013387,化工(地铁站),朝阳区,"116.503439,39.887369"
北京市,BV10013373,东管头(地铁站),丰台区,"116.321197,39.867570"
北京市,BV11315915,定福庄(地铁站),朝阳区,"116.560938,39.915990"
北京市,BV11640691,五福堂(地铁站),大兴区,"116.423903,39.785046"
北京市,BV10701092,石佛营(地铁站),朝阳区,"116.498326,39.935073"
北京市,BV10011446,肖村(地铁站),朝阳区,"116.448364,39.834217"
北京市,BV10006575,芍药居(地铁站),朝阳区,"116.435914,39.977636"
北京市,BV10013388,南楼梓庄(地铁站),朝阳区,"116.501084,39.874578"
北京市,BV10000017,牡丹园(地铁站),海淀区,"116.369844,39.976603"
北京市,BV11103939,田村(地铁站),海淀区,"116.252914,39.929503"
北京市,BV10001016,大钟寺(地铁站),海淀区,"116.345139,39.966612"
北京市,BV11409819,看丹(地铁站),丰台区,"116.272874,39.834952"
北京市,BV10013509,花园桥(地铁站),海淀区,"116.310683,39.932340"
北京市,BV11303298,黄厂(地铁站),朝阳区,"116.553759,39.848979"
北京市,BV10013389,欢乐谷景区(地铁站),朝阳区,"116.500067,39.866505"
北京市,BV10562654,东管头南(地铁站),丰台区,"116.323133,39.855638"
北京市,BV10416594,东风北桥(地铁站),朝阳区,"116.485919,39.958375"
北京市,BV10013466,奥体中心(地铁站),朝阳区,"116.393759,39.985837"
北京市,BV10006086,纪家庙(地铁站),丰台区,"116.333381,39.844433"
北京市,BV11409818,榆树庄(地铁站),丰台区,"116.258812,39.838974"
北京市,BV10013486,西土城(地铁站),海淀区,"116.354098,39.976549"
北京市,BV10007589,四惠东(地铁站),朝阳区,"116.515664,39.908495"
北京市,BV11624885,榆树庄北(地铁站),丰台区,"116.251153,39.848068"
北京市,BV10013475,六里桥(地铁站),丰台区,"116.302808,39.880239"
北京市,BV10006707,惠新西街北口(地铁站),朝阳区,"116.417028,39.987836"
北京市,BV10000255,魏公村(地铁站),海淀区,"116.323220,39.957904"
北京市,BV11640696,德茂(地铁站),大兴区,"116.441467,39.772649"
北京市,BV11303301,郎辛庄(地铁站),朝阳区,"116.569826,39.856496"
北京市,BV10012008,小红门(地铁站),朝阳区,"116.459226,39.827951"
北京市,BV10002778,西钓鱼台(地铁站),海淀区,"116.298064,39.923481"
北京市,BV10013507,青年路(地铁站),朝阳区,"116.517429,39.923168"
北京市,BV10013458,万寿路(地铁站),海淀区,"116.294765,39.907474"
北京市,BV10000208,万寿寺(地铁站),海淀区,"116.309904,39.947773"
北京市,BV10874513,芳园里(地铁站),朝阳区,"116.479259,39.972009"
北京市,BV10000215,西局(地铁站),丰台区,"116.303819,39.866770"
北京市,BV10701094,北京朝阳站(地铁站),朝阳区,"116.508638,39.947098"
北京市,BV10001218,知春路(地铁站),海淀区,"116.339960,39.976476"
北京市,BV10013494,首经贸(地铁站),丰台区,"116.320202,39.844463"
北京市,BV11570037,朱房北(地铁站),海淀区,"116.333318,40.036122"
北京市,BV11103937,廖公庄(地铁站),海淀区,"116.227292,39.932422"
北京市,BV10013496,慈寿寺(地铁站),海淀区,"116.295467,39.933268"
北京市,BV11031728,北神树(地铁站),通州区,"116.552752,39.818664"
北京市,BV10007127,垡头(地铁站),朝阳区,"116.511821,39.860728"
北京市,BV10000258,人民大学(地铁站),海淀区,"116.321367,39.966956"
北京市,BV10003566,泥洼(地铁站),丰台区,"116.304173,39.858609"
北京市,BV10416595,将台(地铁站),朝阳区,"116.489496,39.971109"
北京市,BV11409823,宛平城(地铁站),丰台区,"116.231703,39.849181"
北京市,BV10847814,学院桥(地铁站),海淀区,"116.353473,39.986883"
北京市,BV11640690,瀛海(地铁站),大兴区,"116.448982,39.760713"
北京市,BV10881788,新发地(地铁站),丰台区,"116.346333,39.823455"
北京市,BV10001215,知春里(地铁站),海淀区,"116.328709,39.976334"
北京市,BV10000636,七里庄(地铁站),丰台区,"116.294292,39.866773"
北京市,BV10013517,高碑店(地铁站),朝阳区,"116.531421,39.909448"
北京市,BV10013495,丰台站(地铁站),丰台区,"116.304501,39.850249"
北京市,BV10007288,苏州桥(地铁站),海淀区,"116.308092,39.962052"
北京市,BV11663719,楼梓庄桥西(地铁站),朝阳区,"116.581332,39.978571"
北京市,BV11467455,清河站(地铁站),海淀区,"116.314961,40.041164"
北京市,BV10013418,新宫(地铁站),丰台区,"116.365549,39.812592"
北京市,BV10013377,望京西(地铁站),朝阳区,"116.449884,39.995724"
北京市,BV10012405,车道沟(地铁站),海淀区,"116.293818,39.947923"
北京市,BV11303296,黑庄户(地铁站),朝阳区,"116.599119,39.858725"
北京市,BV10416647,安立路(地铁站),朝阳区,"116.407845,40.002619"
北京市,BV10416640,关庄(地铁站),朝阳区,"116.430947,40.001134"
北京市,BV10416591,望京南(地铁站),朝阳区,"116.481634,39.984634"
北京市,BV10416589,高家园(地铁站),朝阳区,"116.488543,39.980572"
北京市,BV10013375,奥林匹克公园(地铁站),朝阳区,"116.391758,40.002207"
北京市,BV10013411,海淀黄庄(地铁站),海淀区,"116.317564,39.975996"
北京市,BV10013474,丰台东大街(地铁站),丰台区,"116.293857,39.855111"
北京市,BV10013376,大屯路东(地铁站),朝阳区,"116.417377,40.003841"
北京市,BV11663717,楼梓庄(地铁站),朝阳区,"116.592616,39.978517"
北京市,BV11103938,西黄村(地铁站),石景山区,"116.206932,39.933605"
北京市,BV10563754,花乡东桥(地铁站),丰台区,"116.320064,39.829211"
北京市,BV10416592,阜通(地铁站),朝阳区,"116.471740,39.991699"
北京市,BV10416650,北沙滩(地铁站),海淀区,"116.368143,40.001492"
北京市,BV10416577,双合(地铁站),朝阳区,"116.526836,39.859691"
北京市,BV10007535,长春桥(地铁站),海淀区,"116.294255,39.958527"
北京市,BV11031725,次渠北(地铁站),通州区,"116.576670,39.809390"
北京市,BV10701098,体育中心(地铁站),朝阳区,"116.530109,39.948907"
北京市,BV10013510,海淀五路居(地铁站),海淀区,"116.276531,39.932584"
北京市,BV10013485,苏州街(地铁站),海淀区,"116.306332,39.975642"
北京市,BV10416642,六道口(地铁站),海淀区,"116.352670,40.000958"
北京市,BV10000335,旧宫(地铁站),大兴区,"116.460789,39.806910"
北京市,BV10013473,丰台南路(地铁站),丰台区,"116.296748,39.840444"
北京市,BV10013410,中关村(地铁站),海淀区,"116.316467,39.983991"
北京市,BV10874511,酒仙桥(地铁站),朝阳区,"116.504206,39.980450"
北京市,BV10009724,森林公园南门(地铁站),朝阳区,"116.392600,40.010122"
北京市,BV11663718,高辛庄(地铁站),朝阳区,"116.606860,39.980903"
北京市,BV11663720,曹各庄北(地铁站),朝阳区,"116.600999,39.992208"
北京市,BV10006219,大井(地铁站),丰台区,"116.276061,39.865226"
北京市,BV10874518,远大路(地铁站),海淀区,"116.282829,39.957110"
北京市,BV10416646,清华东路西口(地铁站),海淀区,"116.339530,40.000673"
北京市,BV10007538,火器营(地铁站),海淀区,"116.289058,39.965938"
北京市,BV10874515,四季青(地铁站),海淀区,"116.274599,39.946104"
北京市,BV10013472,科怡路(地铁站),丰台区,"116.297432,39.832480"
北京市,BV10013391,焦化厂(地铁站),朝阳区,"116.537247,39.855488"
北京市,BV10563755,白盆窑(地铁站),丰台区,"116.313391,39.819590"
北京市,BV11303299,万盛西(地铁站),通州区,"116.632160,39.863328"
北京市,BV10013394,巴沟(地铁站),海淀区,"116.293362,39.974408"
北京市,BV10013409,北京大学东门(地铁站),海淀区,"116.315842,39.992212"
北京市,BV11315917,永顺(地铁站),通州区,"116.642666,39.913147"
北京市,BV10013518,传媒大学(地铁站),朝阳区,"116.554639,39.909215"
北京市,BV11560515,福寿岭(地铁站),石景山区,"116.171146,39.939811"
北京市,BV11494890,北辛安(地铁站),石景山区,"116.164818,39.915135"
北京市,BV11494888,新首钢(地铁站),石景山区,"116.164863,39.908918"
北京市,BV10531973,万泉河桥(地铁站),海淀区,"116.300158,39.985079"
北京市,BV10013471,丰台科技园(地铁站),丰台区,"116.297176,39.825233"
北京市,BV10013453,亦庄桥(地铁站),大兴区,"116.480307,39.803011"
北京市,BV10416590,东湖渠(地铁站),朝阳区,"116.467412,40.010670"
北京市,BV10013402,望京东(地铁站),朝阳区,"116.487105,40.003200"
北京市,BV11494889,金安桥(地铁站),石景山区,"116.162586,39.923298"
北京市,BV10701088,平房村(地铁站),朝阳区,"116.547040,39.950520"
北京市,BV10013452,亦庄文化园(地铁站),大兴区,"116.490632,39.806890"
北京市,BV10013456,玉泉路(地铁站),石景山区,"116.252888,39.907433"
北京市,BV10847816,学清(地铁站),海淀区,"116.352106,40.015273"
北京市,BV11494887,模式口(地铁站),石景山区,"116.156148,39.933369"
北京市,BV10013467,林萃桥(地铁站),朝阳区,"116.372998,40.021906"
北京市,BV11031726,嘉会湖(地铁站),通州区,"116.610369,39.792902"
北京市,BV10013408,圆明园(地铁站),海淀区,"116.310186,39.999662"
北京市,BV10007779,郭公庄(地铁站),丰台区,"116.301889,39.814322"
北京市,BV11303302,万盛东(地铁站),通州区,"116.657379,39.863491"
北京市,BV10013506,褡裢坡(地铁站),朝阳区,"116.563961,39.924021"
北京市,BV10846510,北岗子(地铁站),朝阳区,"116.537208,39.975898"
北京市,BV10701093,东坝中街(地铁站),朝阳区,"116.547126,39.965732"
北京市,BV10416588,来广营(地铁站),朝阳区,"116.466994,40.020588"
北京市,BV10013400,郭庄子(地铁站),丰台区,"116.253068,39.864841"
北京市,BV10013451,万源街(地铁站),大兴区,"116.505446,39.802921"
北京市,BV10013444,北苑路北(地铁站),朝阳区,"116.418089,40.030436"
北京市,BV11303300,群芳(地铁站),通州区,"116.670792,39.863515"
北京市,BV10000383,西红门(地铁站),大兴区,"116.328689,39.789800"
北京市,BV10013519,双桥(地铁站),朝阳区,"116.576760,39.910140"
北京市,BV10000920,西苑(地铁站),海淀区,"116.290908,39.998258"
北京市,BV11315916,运河商务中心(地铁站),通州区,"116.683628,39.912746"
北京市,BV10840914,勇士营(地铁站),朝阳区,"116.441678,40.032471"
北京市,BV10013423,大葆台(地铁站),丰台区,"116.291681,39.807810"
北京市,BV10000302,八宝山(地铁站),石景山区,"116.235948,39.907440"
北京市,BV10701091,东风(地铁站),朝阳区,"116.553278,39.975761"
北京市,BV10013505,黄渠(地铁站),朝阳区,"116.578266,39.924201"
北京市,BV11303297,高楼金(地铁站),通州区,"116.684340,39.863154"
北京市,BV10416596,善各庄(地铁站),朝阳区,"116.478195,40.027160"
北京市,BV10000963,崔各庄(地铁站),朝阳区,"116.492968,40.022201"
北京市,BV10007072,大瓦窑(地铁站),丰台区,"116.240480,39.859470"
北京市,BV10968850,颐和园西门(地铁站),海淀区,"116.263248,39.985697"
北京市,BV10003511,荣京东街(地铁站),大兴区,"116.513390,39.793132"
北京市,BV11315920,副中心(地铁站),通州区,"116.703931,39.903186"
北京市,BV10004309,立水桥南(地铁站),朝阳区,"116.414496,40.041956"
北京市,BV11253781,花庄(地铁站),通州区,"116.695495,39.856722"
北京市,BV10847815,小营桥(地铁站),海淀区,"116.343524,40.034952"
北京市,BV10013407,北宫门(地铁站),海淀区,"116.277647,40.002373"
北京市,BV10000769,永泰庄(地铁站),海淀区,"116.354580,40.037728"
北京市,BV10000150,北苑(地铁站),朝阳区,"116.434518,40.042997"
北京市,BV10013419,高米店北(地铁站),大兴区,"116.330787,39.773547"
北京市,BV10968847,茶棚(地铁站),海淀区,"116.248100,39.982113"
北京市,BV10701099,管庄路西口(地铁站),朝阳区,"116.570732,39.976863"
北京市,BV10013516,上地(地铁站),海淀区,"116.320193,40.033007"
北京市,BV11315923,政务中心(地铁站),通州区,"116.724017,39.910253"
北京市,BV10004294,管庄(地铁站),朝阳区,"116.599002,39.909090"
北京市,BV10013468,西小口(地铁站),海淀区,"116.351644,40.046873"
北京市,BV10011274,马泉营(地铁站),朝阳区,"116.503480,40.033721"
北京市,BV10000461,立水桥(地铁站),朝阳区,"116.412350,40.053032"
北京市,BV10840913,清河营(地铁站),朝阳区,"116.441977,40.051119"
北京市,BV10013455,八角游乐园(地铁站),石景山区,"116.212684,39.907442"
北京市,BV10006429,常营(地铁站),朝阳区,"116.599722,39.925696"
北京市,BV10013450,荣昌东街(地铁站),大兴区,"116.521737,39.782799"
北京市,BV10013406,安河桥北(地铁站),海淀区,"116.269956,40.012195"
北京市,BV10740316,农大南路(地铁站),海淀区,"116.282272,40.021398"
北京市,BV11315919,政务中心东(地铁站),通州区,"116.738808,39.910634"
北京市,BV10013420,高米店南(地铁站),大兴区,"116.331605,39.763489"
北京市,BV10968866,万安(地铁站),海淀区,"116.231977,39.984001"
北京市,BV10013421,枣园(地铁站),大兴区,"116.332204,39.753458"
北京市,BV10006882,草房(地铁站),朝阳区,"116.615574,39.924477"
北京市,BV10001118,八里桥(地铁站),朝阳区,"116.618658,39.906121"
北京市,BV10013469,育新(地铁站),海淀区,"116.347328,40.060039"
北京市,BV10013445,天通苑南(地铁站),昌平区,"116.412684,40.066612"
北京市,BV10013401,园博园(地铁站),丰台区,"116.201643,39.861328"
北京市,BV10740318,马连洼(地铁站),海淀区,"116.272520,40.032637"
北京市,BV10007921,同济南路(地铁站),通州区,"116.539835,39.772900"
北京市,BV10840912,天通苑东(地铁站),昌平区,"116.442154,40.068580"
北京市,BV10000295,古城(地铁站),石景山区,"116.190337,39.907450"
北京市,BV10013449,经海路(地铁站),通州区,"116.562245,39.783587"
北京市,BV10827741,杨庄(地铁站),石景山区,"116.187004,39.927850"
北京市,BV10013275,清源路(地铁站),大兴区,"116.332513,39.742724"
北京市,BV10002193,孙河(地铁站),朝阳区,"116.534700,40.045113"
北京市,BV10968849,植物园(地铁站),海淀区,"116.215722,39.993537"
北京市,BV10877516,大兴新城(地铁站),大兴区,"116.365522,39.735583"
北京市,BV10007658,霍营(地铁站),昌平区,"116.360286,40.071857"
北京市,BV10013448,次渠南(地铁站),通州区,"116.581357,39.795118"
北京市,BV10011266,次渠(地铁站),通州区,"116.591563,39.803550"
北京市,BV10013399,亦庄火车站(地铁站),通州区,"116.601913,39.812607"
北京市,BV10006917,张郭庄(地铁站),丰台区,"116.187193,39.858100"
北京市,BV10004143,通州北苑(地铁站),通州区,"116.637252,39.903864"
北京市,BV10968848,香山(地铁站),海淀区,"116.204491,39.994056"
北京市,BV10416645,物资学院路(地铁站),通州区,"116.639316,39.926801"
北京市,BV10013515,龙泽(地铁站),昌平区,"116.319429,40.070882"
北京市,BV10013447,天通苑北(地铁站),昌平区,"116.412888,40.083668"
北京市,BV10004378,回龙观东大街(地铁站),昌平区,"116.363025,40.081175"
北京市,BV10013424,稻田(地铁站),房山区,"116.218840,39.794885"
北京市,BV10002783,黄村西大街(地铁站),大兴区,"116.332631,39.731769"
北京市,BV10004141,果园(地铁站),通州区,"116.646621,39.893329"
北京市,BV10740313,西北旺(地铁站),海淀区,"116.257923,40.048703"
北京市,BV10000372,黄村火车站(地铁站),大兴区,"116.332611,39.722966"
北京市,BV10000887,平西府(地铁站),昌平区,"116.350425,40.090607"
北京市,BV10001298,九棵树(地铁站),通州区,"116.657533,39.890278"
北京市,BV10013470,育知路(地铁站),昌平区,"116.326992,40.087863"
北京市,BV10416643,通州北关(地铁站),通州区,"116.661482,39.918368"
北京市,BV10013403,国展(地铁站),顺义区,"116.555127,40.070030"
北京市,BV10002455,梨园(地铁站),通州区,"116.668720,39.883677"
北京市,BV10740315,永丰南(地铁站),海淀区,"116.248154,40.065575"
北京市,BV10010394,义和庄(地铁站),大兴区,"116.319079,39.712387"
北京市,BV10416649,通运门(地铁站),通州区,"116.673284,39.910583"
北京市,BV10000877,生命科学园(地铁站),昌平区,"116.294230,40.094790"
北京市,BV10813547,四道桥(地铁站),门头沟区,"116.134010,39.916030"
北京市,BV10013520,临河里(地铁站),通州区,"116.678811,39.875496"
北京市,BV10740319,永丰(地铁站),海淀区,"116.238481,40.071868"
北京市,BV10000571,朱辛庄(地铁站),昌平区,"116.313698,40.104297"
北京市,BV10840910,未来科学城南(地铁站),昌平区,"116.467920,40.112789"
北京市,BV10002223,花梨坎(地铁站),顺义区,"116.557593,40.084436"
北京市,BV10850689,环球度假区(地铁站),通州区,"116.679099,39.849152"
北京市,BV10416648,北运河西(地铁站),通州区,"116.688358,39.903024"
北京市,BV10813541,桥户营(地铁站),门头沟区,"116.125809,39.912383"
北京市,BV10813544,栗园庄(地铁站),门头沟区,"116.123254,39.895780"
北京市,BV10813543,上岸(地铁站),门头沟区,"116.122225,39.905138"
北京市,BV10740314,屯佃(地铁站),海淀区,"116.215850,40.068454"
北京市,BV10001096,篱笆房(地铁站),房山区,"116.189486,39.760636"
北京市,BV10813542,小园(地铁站),门头沟区,"116.114443,39.890465"
北京市,BV10013428,2号航站楼(地铁站),朝阳区,"116.592808,40.079311"
北京市,BV10013422,生物医药基地(地铁站),大兴区,"116.321662,39.686510"
北京市,BV10840911,未来科学城北(地铁站),昌平区,"116.469014,40.127820"
北京市,BV10416651,北运河东(地铁站),通州区,"116.707056,39.903268"
北京市,BV10013426,广阳城(地铁站),房山区,"116.184985,39.747930"
北京市,BV10813546,石厂(地铁站),门头沟区,"116.100334,39.889378"
北京市,BV10711029,稻香湖路(地铁站),海淀区,"116.188145,40.068936"
北京市,BV10416644,郝家府(地铁站),通州区,"116.717826,39.903195"
北京市,BV10009387,后沙峪(地铁站),顺义区,"116.564211,40.114127"
北京市,BV10013478,巩华城(地铁站),昌平区,"116.293979,40.130900"
北京市,BV10003967,良乡大学城北(地铁站),房山区,"116.183480,39.729906"
北京市,BV10740317,温阳路(地铁站),海淀区,"116.161361,40.068516"
北京市,BV10416641,东夏园(地铁站),通州区,"116.733850,39.903147"
北京市,BV10003965,良乡大学城(地铁站),房山区,"116.176541,39.723159"
北京市,BV10003994,良乡大学城西(地铁站),房山区,"116.156282,39.723157"
北京市,BV10740312,北安河(地铁站),海淀区,"116.130428,40.068128"
北京市,BV10013427,良乡南关(地铁站),房山区,"116.140804,39.723202"
北京市,BV10002190,南法信(地铁站),顺义区,"116.609535,40.128478"
北京市,BV10013477,沙河高教园(地铁站),昌平区,"116.280465,40.164666"
北京市,BV10003977,苏庄(地铁站),房山区,"116.125306,39.723188"
北京市,BV10013404,石门(地铁站),顺义区,"116.641117,40.129802"
北京市,BV10561755,阎村东(地铁站),房山区,"116.100817,39.729028"
北京市,BV10013405,顺义(地铁站),顺义区,"116.657023,40.129994"
北京市,BV10420734,紫草坞(地铁站),房山区,"116.086720,39.724606"
北京市,BV10002186,俸伯(地铁站),顺义区,"116.684732,40.132573"
北京市,BV10420737,阎村(地铁站),房山区,"116.080165,39.716731"
北京市,BV10001633,南邵(地铁站),昌平区,"116.287534,40.207484"
北京市,BV10420735,星城(地铁站),房山区,"116.061370,39.713681"
北京市,BV10550715,北邵洼(地铁站),昌平区,"116.281949,40.222001"
北京市,BV10550716,昌平东关(地铁站),昌平区,"116.262059,40.221726"
北京市,BV10881795,大石河东(地铁站),房山区,"116.039954,39.709831"
北京市,BV10013482,昌平(地铁站),昌平区,"116.233590,40.220550"
北京市,BV10420736,马各庄(地铁站),房山区,"116.016606,39.705103"
北京市,BV10420727,饶乐府(地铁站),房山区,"116.006103,39.701471"
北京市,BV10013483,十三陵景区(地铁站),昌平区,"116.207637,40.240214"
北京市,BV10550714,昌平西山口(地铁站),昌平区,"116.195369,40.244629"
北京市,BV10420731,房山城关(地铁站),房山区,"115.989599,39.706061"
北京市,BV10420733,燕山(地铁站),房山区,"115.973395,39.719615"
北京市,BV10420729,老城区(地铁站),房山区,"115.987957,39.693188"
北京市,BV10420730,顾册(地铁站),房山区,"115.977654,39.681906"
北京市,未知,红莲南路,未知,"116.336668,39.877533"
北京市,未知,洪泰庄,未知,"116.249321,39.848538"
北京市,未知,大兴机场,未知,"116.416608,39.513289"
北京市,未知,清河小营桥,未知,"116.343739,40.034723"
北京市,未知,学知园,未知,"116.352195,40.015011"
北京市,未知,红军营,未知,"116.441797,40.033722"
北京市,未知,未来科学城,未知,"116.466838,40.115628"
北京市,未知,定海园,未知,"116.561959,39.800968"
北京市,未知,定海园西,未知,"116.551589,39.795997"
北京市,未知,经海一路,未知,"116.541019,39.790872"
北京市,未知,亦创会展中心,未知,"116.527486,39.784334"
北京市,未知,亦庄同仁,未知,"116.518246,39.776854"
北京市,未知,鹿圈东,未知,"116.513913,39.766271"
北京市,未知,泰河路,未知,"116.51122,39.759899"
北京市,未知,九号村,未知,"116.508708,39.754868"
北京市,未知,四海庄,未知,"116.504556,39.746579"
北京市,未知,太和桥北,未知,"116.504556,39.746579"
北京市,未知,瑞合庄,未知,"116.503576,39.728999"
北京市,未知,融兴街,未知,"116.505369,39.721869"
北京市,未知,屈庄,未知,"116.507168,39.714719"
北京市,未知,占位符,未知,"116.6,40.05"
上海市,BV10039905,虹桥火车站(地铁站),闵行区,"121.318910,31.193987"
上海市,BV10024601,上海火车站(地铁站),静安区,"121.457939,31.249632"
上海市,BV10026233,顾村公园(地铁站),宝山区,"121.373009,31.344594"
上海市,BV10039906,徐泾东(地铁站),青浦区,"121.299204,31.188367"
上海市,BV10030403,五角场(地铁站),杨浦区,"121.514632,31.298043"
上海市,BV10025073,上海南站(地铁站),徐汇区,"121.430041,31.154579"
上海市,BV10039872,美兰湖(地铁站),宝山区,"121.349966,31.401949"
上海市,BV10029707,徐家汇(地铁站),徐汇区,"121.436837,31.195338"
上海市,BV10024871,虹口足球场(地铁站),虹口区,"121.479154,31.271392"
上海市,BV10024678,人民广场(地铁站),黄浦区,"121.475137,31.232781"
上海市,BV10039960,嘉定北(地铁站),嘉定区,"121.237350,31.391549"
上海市,BV10039875,九亭(地铁站),松江区,"121.319423,31.137252"
上海市,BV10025398,中山公园(地铁站),长宁区,"121.415773,31.217948"
上海市,BV10025258,桃浦新村(地铁站),普陀区,"121.349623,31.281603"
上海市,BV10026750,安亭(地铁站),嘉定区,"121.161985,31.288490"
上海市,BV10027922,松江大学城(地铁站),松江区,"121.232577,31.053984"
上海市,BV10039851,龙阳路(地铁站),浦东新区,"121.557634,31.203575"
上海市,BV10039779,长寿路(地铁站),普陀区,"121.438272,31.240860"
上海市,BV10039776,金沙江路(地铁站),普陀区,"121.413150,31.232004"
上海市,BV10039915,大世界(地铁站),黄浦区,"121.479182,31.227392"
上海市,BV10039891,新闸路(地铁站),黄浦区,"121.468151,31.238373"
上海市,BV10039781,自然博物馆(地铁站),静安区,"121.462366,31.236451"
上海市,BV10039782,南京西路(地铁站),静安区,"121.459971,31.229853"
上海市,BV10039914,曲阜路(地铁站),静安区,"121.471543,31.242307"
上海市,BV10039900,南京东路(地铁站),黄浦区,"121.484628,31.238101"
上海市,BV10030419,豫园(地铁站),黄浦区,"121.487473,31.227801"
上海市,BV10039783,淮海中路(地铁站),黄浦区,"121.464514,31.220280"
上海市,BV10024873,老西门(地铁站),黄浦区,"121.483793,31.219014"
上海市,BV11581682,甜爱路(地铁站),虹口区,"121.483647,31.266163"
上海市,BV11581686,周家嘴路(地铁站),虹口区,"121.499891,31.259761"
上海市,BV10039933,天潼路(地铁站),虹口区,"121.482473,31.243829"
上海市,BV11184132,浦电路(地铁站),浦东新区,"121.517935,31.223215"
上海市,BV10030213,汉中路(地铁站),静安区,"121.458699,31.241883"
上海市,BV10039893,陕西南路(地铁站),徐汇区,"121.458744,31.215150"
上海市,BV11581685,浦三路(地铁站),浦东新区,"121.510606,31.198169"
上海市,BV10039990,宝山路(地铁站),静安区,"121.476298,31.251523"
上海市,BV10039785,马当路(地铁站),黄浦区,"121.477256,31.209520"
上海市,BV10039882,陆家浜路(地铁站),黄浦区,"121.486115,31.211789"
上海市,BV11581683,东方路(地铁站),浦东新区,"121.505337,31.189962"
上海市,BV10028891,中兴路(地铁站),静安区,"121.469026,31.253228"
上海市,BV11581687,广中路(地铁站),虹口区,"121.469138,31.279960"
上海市,BV10039974,四川北路(地铁站),虹口区,"121.484208,31.252035"
上海市,BV11581677,世博(地铁站),浦东新区,"121.493972,31.182418"
上海市,BV10025891,打浦桥(地铁站),黄浦区,"121.468681,31.206309"
上海市,BV10025485,静安寺(地铁站),静安区,"121.446221,31.223083"
上海市,BV11653223,广灵二路(地铁站),虹口区,"121.477005,31.286544"
上海市,BV10030206,小南门(地铁站),黄浦区,"121.498398,31.216866"
上海市,BV10029743,陆家嘴(地铁站),浦东新区,"121.502129,31.238259"
上海市,BV11653227,平利路(地铁站),普陀区,"121.430788,31.269463"
上海市,BV11639109,平凉路(地铁站),杨浦区,"121.526701,31.259038"
上海市,BV11639108,丹阳路(地铁站),杨浦区,"121.531160,31.253815"
上海市,BV11653222,彭越浦路(地铁站),静安区,"121.439216,31.276586"
上海市,BV10039863,昌平路(地铁站),静安区,"121.442617,31.233749"
上海市,BV10039862,常熟路(地铁站),徐汇区,"121.449141,31.213524"
上海市,BV11581693,广灵四路(地铁站),虹口区,"121.465815,31.285999"
上海市,BV10039780,江宁路(地铁站),普陀区,"121.444830,31.244282"
上海市,BV10039932,国际客运中心(地铁站),虹口区,"121.498158,31.250160"
上海市,BV10039989,东宝兴路(地铁站),虹口区,"121.480202,31.259886"
上海市,BV10039881,嘉善路(地铁站),徐汇区,"121.460704,31.202820"
上海市,BV11653228,广泉路(地铁站),普陀区,"121.412752,31.261481"
上海市,BV10024692,中山北路(地铁站),静安区,"121.459204,31.258891"
上海市,BV10039997,鲁班路(地铁站),黄浦区,"121.475148,31.199221"
上海市,BV10025227,南浦大桥(地铁站),黄浦区,"121.499725,31.208504"
上海市,BV10039975,海伦路(地铁站),虹口区,"121.488697,31.259303"
上海市,BV10039916,西藏南路(地铁站),黄浦区,"121.489555,31.201967"
上海市,BV10039948,武定路(地铁站),静安区,"121.436157,31.227303"
上海市,BV11639103,抚顺路(地铁站),杨浦区,"121.515793,31.283664"
上海市,BV10039913,西藏北路(地铁站),静安区,"121.468769,31.263505"
上海市,BV11581680,德州路(地铁站),浦东新区,"121.477683,31.165202"
上海市,BV10592246,世博会博物馆(地铁站),黄浦区,"121.481592,31.197572"
上海市,BV10039973,上海图书馆(地铁站),徐汇区,"121.444363,31.207960"
上海市,BV10039949,浦东南路(地铁站),浦东新区,"121.512412,31.238532"
上海市,BV11639106,迎春路(地铁站),浦东新区,"121.550998,31.221002"
上海市,BV10039894,衡山路(地铁站),徐汇区,"121.446424,31.204528"
上海市,BV10039899,东昌路(地铁站),浦东新区,"121.515556,31.233270"
上海市,BV11639104,复旦大学(地铁站),杨浦区,"121.499529,31.296349"
上海市,BV11581679,车站北路(地铁站),虹口区,"121.476353,31.299926"
上海市,BV10039883,商城路(地铁站),浦东新区,"121.516275,31.230258"
上海市,BV10024879,提篮桥(地铁站),虹口区,"121.506801,31.253518"
上海市,BV10039991,中潭路(地铁站),普陀区,"121.441001,31.254568"
上海市,BV10039861,肇嘉浜路(地铁站),徐汇区,"121.450212,31.199436"
上海市,BV10039778,武宁路(地铁站),普陀区,"121.430504,31.234346"
上海市,BV10039940,大木桥路(地铁站),徐汇区,"121.463278,31.194057"
上海市,BV10039995,临平路(地铁站),虹口区,"121.500696,31.260874"
上海市,BV10039805,江苏路(地铁站),长宁区,"121.430642,31.220411"
上海市,BV11471650,龙启路(地铁站),徐汇区,"121.449263,31.158626"
上海市,BV10039950,浦东大道(地铁站),浦东新区,"121.519302,31.240308"
上海市,BV10039864,镇坪路(地铁站),普陀区,"121.429779,31.246369"
上海市,BV10024783,邮电新村(地铁站),虹口区,"121.494362,31.268533"
上海市,BV11639102,上海财经大学(地铁站),杨浦区,"121.496332,31.307672"
上海市,BV10039860,东安路(地铁站),徐汇区,"121.454897,31.190819"
上海市,BV10039777,隆德路(地铁站),普陀区,"121.423576,31.230509"
上海市,BV10039996,杨树浦路(地铁站),虹口区,"121.517210,31.251935"
上海市,BV10039931,大连路(地铁站),虹口区,"121.513088,31.257938"
上海市,BV10025307,交通大学(地铁站),徐汇区,"121.435253,31.202213"
上海市,BV10034167,塘桥(地铁站),浦东新区,"121.518690,31.209762"
上海市,BV10039890,延长路(地铁站),静安区,"121.455329,31.271675"
上海市,BV11639107,芳芯路(地铁站),浦东新区,"121.559226,31.191158"
上海市,BV11581690,汾西路(地铁站),静安区,"121.467946,31.313852"
上海市,BV11471655,上海植物园(地铁站),徐汇区,"121.450427,31.149045"
上海市,BV11653221,金昌路(地铁站),普陀区,"121.352090,31.273398"
上海市,BV10039835,世纪大道(地铁站),浦东新区,"121.527213,31.228682"
上海市,BV11639110,北中路(地铁站),浦东新区,"121.561355,31.182762"
上海市,BV10039917,中华艺术宫(地铁站),浦东新区,"121.493626,31.185242"
上海市,BV10039912,曲阳路(地铁站),虹口区,"121.491138,31.276524"
上海市,BV10039804,曹杨路(地铁站),普陀区,"121.417701,31.239302"
上海市,BV10029559,世博大道(地铁站),浦东新区,"121.484313,31.182789"
上海市,BV10039859,龙华中路(地铁站),徐汇区,"121.457054,31.183843"
上海市,BV10039833,蓝村路(地铁站),浦东新区,"121.527627,31.211672"
上海市,BV11653225,国和路(地铁站),杨浦区,"121.520095,31.314726"
上海市,BV11639105,殷高路(地铁站),宝山区,"121.495560,31.321705"
上海市,BV10039951,源深路(地铁站),浦东新区,"121.531016,31.241318"
上海市,BV10025270,四平路(地铁站),虹口区,"121.501488,31.274880"
上海市,BV10039865,岚皋路(地铁站),普陀区,"121.421939,31.256198"
上海市,BV10039988,赤峰路(地铁站),虹口区,"121.482429,31.281247"
上海市,BV10024951,上海体育场(地铁站),徐汇区,"121.443529,31.185605"
上海市,BV10039836,源深体育中心(地铁站),浦东新区,"121.534642,31.233004"
上海市,BV10039831,临沂新村(地铁站),浦东新区,"121.516695,31.193202"
上海市,BV10039992,延安西路(地铁站),长宁区,"121.417062,31.209616"
上海市,BV10039947,中宁路(地铁站),普陀区,"121.414541,31.245059"
上海市,BV10039889,上海马戏城(地铁站),静安区,"121.452023,31.279895"
上海市,BV10033521,鞍山新村(地铁站),杨浦区,"121.509685,31.273242"
上海市,BV11581688,一二八纪念路(地铁站),宝山区,"121.467314,31.328874"
上海市,BV11184128,龙瑞路(地铁站),徐汇区,"121.452936,31.136172"
上海市,BV10039856,云台路(地铁站),浦东新区,"121.500439,31.182212"
上海市,BV10039803,枫桥路(地铁站),普陀区,"121.411402,31.241850"
上海市,BV10025916,高科西路(地铁站),浦东新区,"121.509845,31.185761"
上海市,BV10039930,江浦公园(地铁站),杨浦区,"121.523697,31.264570"
上海市,BV10039866,新村路(地铁站),普陀区,"121.422682,31.263952"
上海市,BV10039857,耀华路(地铁站),浦东新区,"121.494605,31.178513"
上海市,BV10039972,虹桥路(地铁站),长宁区,"121.420814,31.197524"
上海市,BV11653224,共青森林公园(地铁站),杨浦区,"121.546568,31.314591"
上海市,BV10026004,上海体育馆(地铁站),徐汇区,"121.437423,31.182813"
上海市,BV11494196,三林南(地铁站),浦东新区,"121.485597,31.126029"
上海市,BV11471653,徐浦大桥(地铁站),徐汇区,"121.455953,31.127171"
上海市,BV10039786,长清路(地铁站),浦东新区,"121.488524,31.174008"
上海市,BV10039952,昌邑路(地铁站),浦东新区,"121.540104,31.243940"
上海市,BV10024941,上海游泳馆(地铁站),徐汇区,"121.441424,31.179123"
上海市,BV10039911,江浦路(地铁站),杨浦区,"121.518379,31.274946"
上海市,BV10039858,后滩(地铁站),浦东新区,"121.473756,31.171918"
上海市,BV10024697,同济大学(地铁站),杨浦区,"121.506357,31.282086"
上海市,BV10039880,宜山路(地铁站),徐汇区,"121.427194,31.186717"
上海市,BV10030068,大柏树(地铁站),虹口区,"121.483216,31.289433"
上海市,BV10039837,民生路(地铁站),浦东新区,"121.543527,31.235851"
上海市,BV10039802,真如(地铁站),普陀区,"121.407219,31.250767"
上海市,BV10024943,龙华(地铁站),徐汇区,"121.452958,31.172672"
上海市,BV11581694,龙吴路(地铁站),徐汇区,"121.457178,31.120017"
上海市,BV10039867,大华三路(地铁站),宝山区,"121.422949,31.274047"
上海市,BV10039993,漕溪路(地铁站),徐汇区,"121.438410,31.176746"
上海市,BV10039855,杨高南路(地铁站),浦东新区,"121.525087,31.187566"
上海市,BV10031164,上海科技馆(地铁站),浦东新区,"121.544439,31.218820"
上海市,BV11471657,华泾路(地铁站),徐汇区,"121.456878,31.119980"
上海市,BV11498461,长江西路(地铁站),宝山区,"121.475816,31.344551"
上海市,BV11498460,大康路(地铁站),宝山区,"121.420733,31.335489"
上海市,BV10039971,宋园路(地铁站),长宁区,"121.412080,31.196540"
上海市,BV10039901,娄山关路(地铁站),长宁区,"121.404058,31.211158"
上海市,BV11508870,爱辉路(地铁站),宝山区,"121.448327,31.343777"
上海市,BV10039929,宁国路(地铁站),杨浦区,"121.532352,31.268574"
上海市,BV10025911,成山路(地铁站),浦东新区,"121.496326,31.170511"
上海市,BV11581681,呼兰路(地铁站),宝山区,"121.462932,31.347528"
上海市,BV10039884,杨高中路(地铁站),浦东新区,"121.548664,31.227510"
上海市,BV11649010,凌河路(地铁站),浦东新区,"121.604504,31.271575"
上海市,BV10030431,汶水路(地铁站),静安区,"121.450251,31.292556"
上海市,BV10039806,云锦路(地铁站),徐汇区,"121.458519,31.166488"
上海市,BV10039938,龙漕路(地铁站),徐汇区,"121.444383,31.169458"
上海市,BV10039787,东明路(地铁站),浦东新区,"121.510868,31.172646"
上海市,BV11494197,华泾(地铁站),徐汇区,"121.440421,31.112747"
上海市,BV10820974,长风公园(地铁站),普陀区,"121.396320,31.225254"
上海市,BV10025272,国权路(地铁站),杨浦区,"121.510024,31.289276"
上海市,BV10820987,梅岭北路(地铁站),普陀区,"121.396970,31.242948"
上海市,BV11649016,龙东大道(地铁站),浦东新区,"121.616797,31.220768"
上海市,BV11649014,云桥路(地铁站),浦东新区,"121.615192,31.248948"
上海市,BV11184133,江杨南路(地铁站),宝山区,"121.465313,31.349903"
上海市,BV10039910,黄兴路(地铁站),杨浦区,"121.528401,31.278814"
上海市,BV11649012,高斯路(地铁站),浦东新区,"121.613366,31.199930"
上海市,BV10039970,伊犁路(地铁站),长宁区,"121.403899,31.198880"
上海市,BV10039838,北洋泾路(地铁站),浦东新区,"121.552314,31.239145"
上海市,BV10039808,大渡河路(地铁站),普陀区,"121.394431,31.231752"
上海市,BV11649017,张衡路(地铁站),浦东新区,"121.612531,31.192043"
上海市,BV10039946,铜川路(地铁站),普陀区,"121.397036,31.250733"
上海市,BV10820988,吴中路(地铁站),闵行区,"121.413905,31.184345"
上海市,BV10820972,姚虹路(地铁站),长宁区,"121.406699,31.191535"
上海市,BV10032793,世纪公园(地铁站),浦东新区,"121.550909,31.209421"
上海市,BV10031172,歇浦路(地铁站),浦东新区,"121.551506,31.250728"
上海市,BV10024610,上海西站(地铁站),普陀区,"121.400926,31.262693"
上海市,BV10039868,行知路(地铁站),宝山区,"121.421493,31.284942"
上海市,BV11581678,铁山路(地铁站),宝山区,"121.468893,31.359600"
上海市,BV10946926,华鹏路(地铁站),浦东新区,"121.526567,31.176276"
上海市,BV11550041,沪星路(地铁站),闵行区,"121.343565,31.163683"
上海市,BV11550038,天山西路(地铁站),闵行区,"121.322930,31.216011"
上海市,BV10039854,锦绣路(地铁站),浦东新区,"121.540041,31.187592"
上海市,BV10026584,漕宝路(地铁站),徐汇区,"121.433143,31.168344"
上海市,BV10025899,杨思(地铁站),浦东新区,"121.493443,31.161054"
上海市,BV10820978,红宝石路(地铁站),长宁区,"121.398372,31.198863"
上海市,BV10039807,龙耀路(地铁站),徐汇区,"121.459702,31.159720"
上海市,BV11471651,景联路(地铁站),徐汇区,"121.454508,31.101367"
上海市,BV10960994,芳甸路(地铁站),浦东新区,"121.558431,31.231845"
上海市,BV10039879,桂林路(地铁站),徐汇区,"121.418064,31.174791"
上海市,BV11649008,军民公路(地铁站),浦东新区,"121.617500,31.172558"
上海市,BV11581684,曹联路(地铁站),闵行区,"121.443703,31.096327"
上海市,BV11550040,迎宾三路(地铁站),闵行区,"121.327256,31.175601"
上海市,BV10039928,隆昌路(地铁站),杨浦区,"121.544692,31.275213"
上海市,BV10039902,威宁路(地铁站),长宁区,"121.387285,31.214870"
上海市,BV10039853,芳华路(地铁站),浦东新区,"121.550115,31.193110"
上海市,BV11471656,龙吴路(地铁站),闵行区,"121.456646,31.094568"
上海市,BV10026161,江湾镇(地铁站),虹口区,"121.485064,31.305566"
上海市,BV10039969,水城路(地铁站),长宁区,"121.392259,31.199482"
上海市,BV10039788,下南路(地铁站),浦东新区,"121.540189,31.179295"
上海市,BV11649009,康南路(地铁站),浦东新区,"121.620589,31.166439"
上海市,BV10039953,龙居路(地铁站),浦东新区,"121.558198,31.256724"
上海市,BV10039994,石龙路(地铁站),徐汇区,"121.443205,31.157949"
上海市,BV10032522,东方体育中心(地铁站),浦东新区,"121.480304,31.153366"
上海市,BV11581695,水产路(地铁站),宝山区,"121.462838,31.373217"
上海市,BV11494928,高宝路(地铁站),浦东新区,"121.625313,31.290437"
上海市,BV10039909,延吉中路(地铁站),杨浦区,"121.534941,31.288543"
上海市,BV10039850,花木路(地铁站),浦东新区,"121.562754,31.211212"
上海市,BV10039809,真北路(地铁站),普陀区,"121.381948,31.232235"
上海市,BV10024842,桂林公园(地铁站),徐汇区,"121.419654,31.166986"
上海市,BV11497501,七宝(地铁站),闵行区,"121.335578,31.148370"
上海市,BV10039839,德平路(地铁站),浦东新区,"121.564237,31.245400"
上海市,BV11550036,莘建东路(地铁站),闵行区,"121.379143,31.109615"
上海市,BV10025089,彭浦新村(地铁站),静安区,"121.448642,31.306604"
上海市,BV11581692,虹建路(地铁站),闵行区,"121.444993,31.086655"
上海市,BV11494194,张江(地铁站),浦东新区,"121.615829,31.151217"
上海市,BV10039830,高青路(地铁站),浦东新区,"121.515787,31.159907"
上海市,BV10030231,大场镇(地铁站),宝山区,"121.416548,31.293320"
上海市,BV10030032,真光路(地铁站),普陀区,"121.384162,31.253278"
上海市,BV11471647,澄江路(地铁站),闵行区,"121.459611,31.084171"
上海市,BV10039976,江湾体育场(地铁站),杨浦区,"121.513314,31.304293"
上海市,BV10039801,李子园(地铁站),普陀区,"121.389969,31.269020"
上海市,BV11581676,宝杨路(地铁站),宝山区,"121.449245,31.379763"
上海市,BV10039908,黄兴公园(地铁站),杨浦区,"121.533383,31.295389"
上海市,BV10820971,武威东路(地铁站),普陀区,"121.392094,31.275647"
上海市,BV10039927,爱国路(地铁站),杨浦区,"121.552655,31.279788"
上海市,BV10039827,灵岩南路(地铁站),浦东新区,"121.495295,31.148665"
上海市,BV10029748,北蔡(地铁站),浦东新区,"121.552017,31.180131"
上海市,BV10607588,虹漕路(地铁站),徐汇区,"121.410553,31.164033"
上海市,BV10039840,云山路(地铁站),浦东新区,"121.571153,31.250969"
上海市,BV11277590,唐镇(地铁站),浦东新区,"121.656269,31.214107"
上海市,BV10039828,上南路(地铁站),浦东新区,"121.506447,31.148820"
上海市,BV10030316,北新泾(地铁站),长宁区,"121.373998,31.216395"
上海市,BV11471645,墨江路(地铁站),闵行区,"121.460042,31.072655"
上海市,BV11649013,申江南路(地铁站),浦东新区,"121.628545,31.138876"
上海市,BV10039977,三门路(地铁站),杨浦区,"121.508340,31.313214"
上海市,BV10039968,龙溪路(地铁站),长宁区,"121.380034,31.194400"
上海市,BV10039829,华夏西路(地铁站),浦东新区,"121.514539,31.149878"
上海市,BV10820983,古浪路(地铁站),普陀区,"121.392226,31.284583"
上海市,BV10025213,漕河泾开发区(地铁站),徐汇区,"121.397769,31.170644"
上海市,BV11592917,运乐路(地铁站),闵行区,"121.283138,31.204527"
上海市,BV10039869,场中路(地铁站),宝山区,"121.413661,31.303685"
上海市,BV11596882,蟠祥路(地铁站),青浦区,"121.287442,31.182044"
上海市,BV11277021,陈翔公路(地铁站),嘉定区,"121.306787,31.306484"
上海市,BV10039954,蓝天路(地铁站),浦东新区,"121.577978,31.241017"
上海市,BV10030219,翔殷路(地铁站),杨浦区,"121.531974,31.305002"
上海市,BV11592914,纪翟路(地铁站),闵行区,"121.278196,31.229840"
上海市,BV10039987,殷高西路(地铁站),宝山区,"121.484856,31.320005"
上海市,BV10039945,真新新村(地铁站),嘉定区,"121.371949,31.255566"
上海市,BV10032909,凌兆新村(地铁站),浦东新区,"121.489663,31.141301"
上海市,BV10025457,复兴岛(地铁站),杨浦区,"121.561315,31.280779"
上海市,BV11592915,季乐路(地铁站),闵行区,"121.277968,31.211110"
上海市,BV10039789,陈春路(地铁站),浦东新区,"121.558194,31.175095"
上海市,BV10039810,祁连山南路(地铁站),普陀区,"121.367275,31.237625"
上海市,BV10030759,共康路(地铁站),静安区,"121.447063,31.318936"
上海市,BV11471646,吴泾北(地铁站),闵行区,"121.462275,31.062725"
上海市,BV11592916,芳乐路(地铁站),闵行区,"121.273391,31.220100"
上海市,BV10030224,祁连山路(地铁站),普陀区,"121.376035,31.271650"
上海市,BV10028225,三林(地铁站),浦东新区,"121.511594,31.143172"
上海市,BV11277592,创新中路(地铁站),浦东新区,"121.673713,31.213871"
上海市,BV10039963,三林东(地铁站),浦东新区,"121.522999,31.146459"
上海市,BV10820973,华东理工大学(地铁站),徐汇区,"121.429108,31.143393"
上海市,BV10039978,殷高东路(地铁站),杨浦区,"121.506797,31.321768"
上海市,BV10039937,虹梅路(地铁站),徐汇区,"121.397250,31.160350"
上海市,BV10039841,金桥路(地铁站),浦东新区,"121.581817,31.257084"
上海市,BV11494927,凌空北路(地铁站),浦东新区,"121.672570,31.293605"
上海市,BV10820986,祁安路(地铁站),普陀区,"121.384813,31.291558"
上海市,BV10039964,浦三路(地铁站),浦东新区,"121.539005,31.150861"
上海市,BV10025282,嫩江路(地铁站),杨浦区,"121.531954,31.314804"
上海市,BV11471648,放鹤路(地铁站),闵行区,"121.466244,31.049273"
上海市,BV11277589,华夏东路(地铁站),浦东新区,"121.680972,31.196575"
上海市,BV10039944,定边路(地铁站),嘉定区,"121.362396,31.256392"
上海市,BV10039903,淞虹路(地铁站),长宁区,"121.359588,31.218212"
上海市,BV10025388,上海动物园(地铁站),长宁区,"121.368137,31.190246"
上海市,BV10039878,合川路(地铁站),闵行区,"121.384772,31.166542"
上海市,BV11494193,度假区(地铁站),浦东新区,"121.676147,31.159554"
上海市,BV10039955,黄杨路(地铁站),浦东新区,"121.591014,31.233998"
上海市,BV10039790,莲溪路(地铁站),浦东新区,"121.566414,31.169110"
上海市,BV10039870,上大路(地铁站),宝山区,"121.408580,31.315071"
上海市,BV10039897,张江高科(地铁站),浦东新区,"121.587687,31.201832"
上海市,BV10039979,新江湾城(地铁站),杨浦区,"121.506951,31.328496"
上海市,BV10031099,博兴路(地铁站),浦东新区,"121.586689,31.263520"
上海市,BV10030508,丰庄(地铁站),嘉定区,"121.355141,31.242553"
上海市,BV10026582,锦江乐园(地铁站),徐汇区,"121.414107,31.142217"
上海市,BV11550039,丰茂路(地铁站),嘉定区,"121.295195,31.348898"
上海市,BV10039936,东兰路(地铁站),闵行区,"121.391915,31.155823"
上海市,BV10039986,长江南路(地铁站),宝山区,"121.491482,31.332062"
上海市,BV10025472,龙柏新村(地铁站),闵行区,"121.370480,31.176882"
上海市,BV10820976,罗秀路(地铁站),徐汇区,"121.435806,31.131552"
上海市,BV10039926,东陆路(地铁站),浦东新区,"121.579124,31.282533"
上海市,BV10039800,武威路(地铁站),普陀区,"121.364678,31.276646"
上海市,BV10031109,通河新村(地铁站),宝山区,"121.441546,31.331130"
上海市,BV10039907,市光路(地铁站),杨浦区,"121.531933,31.322724"
上海市,BV11649011,唐黄路(地铁站),浦东新区,"121.683212,31.143457"
上海市,BV10820970,南大路(地铁站),宝山区,"121.380346,31.299263"
上海市,BV11471649,紫龙路(地铁站),闵行区,"121.469362,31.033822"
上海市,BV11277593,川沙(地铁站),浦东新区,"121.698210,31.186741"
上海市,BV10039842,五莲路(地铁站),浦东新区,"121.587866,31.272025"
上海市,BV10878602,通南路(地铁站),宝山区,"121.478929,31.338093"
上海市,BV10960990,台儿庄路(地铁站),浦东新区,"121.597458,31.252825"
上海市,BV11471652,江川东路(地铁站),闵行区,"121.465347,31.027562"
上海市,BV10039956,云顺路(地铁站),浦东新区,"121.600336,31.237064"
上海市,BV10039791,华夏中路(地铁站),浦东新区,"121.583109,31.175759"
上海市,BV10820984,朱梅路(地铁站),徐汇区,"121.437804,31.124364"
上海市,BV10039965,御桥(地铁站),浦东新区,"121.570914,31.158131"
上海市,BV10039843,巨峰路(地铁站),浦东新区,"121.588365,31.280684"
上海市,BV10820982,丰翔路(地铁站),宝山区,"121.380872,31.308218"
上海市,BV10039967,紫藤路(地铁站),闵行区,"121.364831,31.169674"
上海市,BV10030226,南陈路(地铁站),宝山区,"121.398863,31.321437"
上海市,BV10039943,嘉怡路(地铁站),嘉定区,"121.345697,31.259195"
上海市,BV10039896,金科路(地铁站),浦东新区,"121.601989,31.204213"
上海市,BV10039918,芦恒路(地铁站),闵行区,"121.498260,31.119070"
上海市,BV10029799,呼兰路(地铁站),宝山区,"121.437711,31.339703"
上海市,BV11649015,六陈路(地铁站),浦东新区,"121.712517,31.151112"
上海市,BV11471654,沪金高速(地铁站),闵行区,"121.435324,31.018666"
上海市,BV10039935,顾戴路(地铁站),闵行区,"121.391856,31.140890"
上海市,BV10854613,国帆路(地铁站),杨浦区,"121.513168,31.339548"
上海市,BV11550035,嘉戬公路(地铁站),嘉定区,"121.280895,31.377253"
上海市,BV11277591,凌空路(地铁站),浦东新区,"121.724095,31.192861"
上海市,BV10039877,星中路(地铁站),闵行区,"121.368903,31.158109"
上海市,BV10039844,东靖路(地铁站),浦东新区,"121.588736,31.290684"
上海市,BV10024672,上海大学(地铁站),宝山区,"121.388884,31.320586"
上海市,BV10026897,莲花路(地铁站),闵行区,"121.402910,31.130900"
上海市,BV10039985,淞发路(地铁站),宝山区,"121.500390,31.345135"
上海市,BV10820985,锦秋路(地铁站),宝山区,"121.381765,31.320184"
上海市,BV10039811,金沙江西路(地铁站),嘉定区,"121.335156,31.241152"
上海市,BV10820979,华泾西(地铁站),徐汇区,"121.440138,31.113429"
上海市,BV10039966,航中路(地铁站),闵行区,"121.355336,31.165417"
上海市,BV10960993,金桥(地铁站),浦东新区,"121.611336,31.260850"
上海市,BV10039925,杨高北路(地铁站),浦东新区,"121.602960,31.280092"
上海市,BV10039957,浦东足球场(地铁站),浦东新区,"121.615430,31.241645"
上海市,BV10039792,中科路(地铁站),浦东新区,"121.602465,31.178862"
上海市,BV10039845,五洲大道(地铁站),浦东新区,"121.589212,31.302569"
上海市,BV10039934,虹莘路(地铁站),闵行区,"121.380348,31.137448"
上海市,BV10718369,康桥(地铁站),浦东新区,"121.567306,31.134239"
上海市,BV10030597,祁华路(地铁站),宝山区,"121.373569,31.322315"
上海市,BV11550033,新成路(地铁站),嘉定区,"121.265937,31.403740"
上海市,BV11277594,远东大道(地铁站),浦东新区,"121.755301,31.199385"
上海市,BV10039942,临洮路(地铁站),嘉定区,"121.330860,31.263059"
上海市,BV10039819,广兰路(地铁站),浦东新区,"121.621072,31.211050"
上海市,BV10039846,洲海路(地铁站),浦东新区,"121.589396,31.312229"
上海市,BV10039818,罗山路(地铁站),浦东新区,"121.593152,31.153259"
上海市,BV10039888,共富新村(地铁站),宝山区,"121.434063,31.355082"
上海市,BV10039895,外环路(地铁站),闵行区,"121.393020,31.120899"
上海市,BV10039793,学林路(地铁站),浦东新区,"121.614363,31.183476"
上海市,BV10029541,张华浜(地铁站),宝山区,"121.498671,31.358016"
上海市,BV10026129,七宝(地铁站),闵行区,"121.349221,31.155287"
上海市,BV10039924,金京路(地铁站),浦东新区,"121.615477,31.279823"
上海市,BV11550037,城北路(地铁站),嘉定区,"121.234855,31.393592"
上海市,BV10820980,虹梅南路(地铁站),闵行区,"121.433059,31.103839"
上海市,BV10039812,金运路(地铁站),嘉定区,"121.319308,31.240986"
上海市,BV11494926,长兴岛(地铁站),崇明区,"121.721227,31.389270"
上海市,BV10039958,金粤路(地铁站),浦东新区,"121.629016,31.242092"
上海市,BV10854616,双江路(地铁站),浦东新区,"121.539425,31.353601"
上海市,BV10960989,金吉路(地铁站),浦东新区,"121.628479,31.264309"
上海市,BV10854615,高桥西(地铁站),浦东新区,"121.549280,31.351489"
上海市,BV10037368,七莘路(地铁站),闵行区,"121.362464,31.131638"
上海市,BV10032461,浦江镇(地铁站),闵行区,"121.506272,31.096590"
上海市,BV10820967,景西路(地铁站),闵行区,"121.418760,31.099727"
上海市,BV10039959,桂桥路(地铁站),浦东新区,"121.635087,31.249419"
上海市,BV10039794,张江路(地铁站),浦东新区,"121.629182,31.189130"
上海市,BV10039923,申江路(地铁站),浦东新区,"121.626863,31.280231"
上海市,BV10538984,秀沿路(地铁站),浦东新区,"121.598390,31.138128"
上海市,BV10039941,乐秀路(地铁站),嘉定区,"121.314103,31.265363"
上海市,BV10718368,周浦(地铁站),浦东新区,"121.567613,31.114129"
上海市,BV10039876,中春路(地铁站),闵行区,"121.337700,31.149415"
上海市,BV10026162,淞滨路(地铁站),宝山区,"121.492818,31.370928"
上海市,BV10025001,莘庄(地铁站),闵行区,"121.385373,31.111152"
上海市,BV11277588,海天三路(地铁站),浦东新区,"121.796878,31.168459"
上海市,BV11494195,上海东站(地铁站),浦东新区,"121.782830,31.111297"
上海市,BV10854617,高桥(地铁站),浦东新区,"121.562971,31.352622"
上海市,BV10039887,宝安公路(地铁站),宝山区,"121.430914,31.369555"
上海市,BV10039922,金海路(地铁站),浦东新区,"121.638629,31.263141"
上海市,BV10039799,南翔(地铁站),嘉定区,"121.323141,31.296952"
上海市,BV10039847,航津路(地铁站),浦东新区,"121.593974,31.335371"
上海市,BV10820977,曙建路(地铁站),闵行区,"121.417897,31.090625"
上海市,BV10039919,江月路(地铁站),闵行区,"121.508603,31.084253"
上海市,BV10039849,港城路(地铁站),浦东新区,"121.575017,31.353223"
上海市,BV10039984,水产路(地铁站),宝山区,"121.488247,31.381302"
上海市,BV10039998,春申路(地铁站),闵行区,"121.385818,31.098250"
上海市,BV10718375,繁荣路(地铁站),浦东新区,"121.570547,31.102554"
上海市,BV10820975,双柏路(地铁站),闵行区,"121.421750,31.083214"
上海市,BV10039886,友谊西路(地铁站),宝山区,"121.427953,31.381296"
上海市,BV10026179,封浜(地铁站),嘉定区,"121.297006,31.267488"
上海市,BV10854614,基隆路(地铁站),浦东新区,"121.590411,31.351311"
上海市,BV10538982,康新公路(地铁站),浦东新区,"121.617199,31.130439"
上海市,BV10039999,银都路(地铁站),闵行区,"121.390264,31.089345"
上海市,BV10026230,刘行(地铁站),宝山区,"121.362376,31.357586"
上海市,BV10538932,诸光路(地铁站),青浦区,"121.293040,31.191678"
上海市,BV10960992,顾唐路(地铁站),浦东新区,"121.656465,31.266074"
上海市,BV10039920,联航路(地铁站),闵行区,"121.510594,31.073567"
上海市,BV10026163,宝杨路(地铁站),宝山区,"121.479574,31.395315"
上海市,BV10033468,周浦东(地铁站),浦东新区,"121.606895,31.110038"
上海市,BV10718374,沈梅路(地铁站),浦东新区,"121.580589,31.091115"
上海市,BV10039885,富锦路(地铁站),宝山区,"121.424661,31.392260"
上海市,BV10039871,潘广路(地铁站),宝山区,"121.355845,31.364182"
上海市,BV10960995,民雷路(地铁站),浦东新区,"121.668125,31.268335"
上海市,BV10820989,元江路(地铁站),闵行区,"121.431901,31.062815"
上海市,BV10538937,蟠龙路(地铁站),青浦区,"121.278645,31.186328"
上海市,BV10039921,沈杜公路(地铁站),闵行区,"121.512272,31.061427"
上海市,BV10039983,友谊路(地铁站),宝山区,"121.475924,31.404016"
上海市,BV10026120,颛桥(地铁站),闵行区,"121.401868,31.067013"
上海市,BV10039982,铁力路(地铁站),宝山区,"121.461139,31.408120"
上海市,BV10039981,江杨北路(地铁站),宝山区,"121.439819,31.407858"
上海市,BV10538971,三鲁公路(地铁站),闵行区,"121.527389,31.056108"
上海市,BV10960991,曹路(地铁站),浦东新区,"121.683046,31.271272"
上海市,BV10718367,鹤涛路(地铁站),浦东新区,"121.585960,31.071860"
上海市,BV10032414,罗南新村(地铁站),宝山区,"121.357470,31.388831"
上海市,BV10681608,迪士尼(地铁站),浦东新区,"121.667959,31.141263"
上海市,BV10538973,闵瑞路(地铁站),闵行区,"121.530323,31.047956"
上海市,BV10031076,马陆(地铁站),嘉定区,"121.276906,31.319675"
上海市,BV10029831,鹤沙航城(地铁站),浦东新区,"121.611239,31.077797"
上海市,BV10820968,永德路(地铁站),闵行区,"121.443203,31.039147"
上海市,BV10026118,北桥(地铁站),闵行区,"121.410054,31.045112"
上海市,BV10538974,浦航路(地铁站),闵行区,"121.530591,31.040993"
上海市,BV10538936,徐盈路(地铁站),青浦区,"121.253976,31.178101"
上海市,BV11592638,西岑(地铁站),青浦区,"120.962151,31.069736"
上海市,BV10718377,下沙(地铁站),浦东新区,"121.588988,31.054396"
上海市,BV10538975,东城一路(地铁站),闵行区,"121.532093,31.030390"
上海市,BV10538938,徐泾北城(地铁站),青浦区,"121.241668,31.175518"
上海市,BV10820981,紫竹高新区(地铁站),闵行区,"121.450751,31.023879"
上海市,BV10538972,汇臻路(地铁站),闵行区,"121.524558,31.025245"
上海市,BV10040000,剑川路(地铁站),闵行区,"121.416582,31.026483"
上海市,BV10039612,嘉定新城(地铁站),嘉定区,"121.254294,31.330062"
上海市,BV10039817,航头东(地铁站),浦东新区,"121.617494,31.054919"
上海市,BV10032803,泗泾(地铁站),松江区,"121.260247,31.118272"
上海市,BV10028337,东川路(地铁站),闵行区,"121.419901,31.018197"
上海市,BV10718376,航头(地铁站),浦东新区,"121.596083,31.037305"
上海市,BV10538930,嘉松中路(地铁站),青浦区,"121.223916,31.164099"
上海市,BV10040001,金平路(地铁站),闵行区,"121.410186,31.011282"
上海市,BV10039962,白银路(地铁站),嘉定区,"121.245350,31.345359"
上海市,BV10717293,江川路(地铁站),闵行区,"121.423474,31.005428"
上海市,BV10040002,华宁路(地铁站),闵行区,"121.395255,31.007467"
上海市,BV10033820,上海赛车场(地铁站),嘉定区,"121.226098,31.331898"
上海市,BV10027172,新场(地铁站),浦东新区,"121.648980,31.045561"
上海市,BV10040003,文井路(地铁站),闵行区,"121.380775,31.003597"
上海市,BV10039798,昌吉东路(地铁站),嘉定区,"121.200384,31.293620"
上海市,BV10717290,西渡(地铁站),奉贤区,"121.432441,30.989350"
上海市,BV10035054,佘山(地铁站),松江区,"121.229686,31.104097"
上海市,BV10040004,闵行开发区(地铁站),闵行区,"121.369712,31.000627"
上海市,BV10538933,赵巷(地铁站),青浦区,"121.192279,31.161247"
上海市,BV10027857,洞泾(地铁站),松江区,"121.230473,31.084492"
上海市,BV10039961,嘉定西(地铁站),嘉定区,"121.227855,31.377107"
上海市,BV10039797,上海汽车城(地铁站),嘉定区,"121.180742,31.285403"
上海市,BV10426327,浦电路(6号线)(地铁站),浦东新区,"121.529122,31.220104"
上海市,BV10039816,野生动物园(地铁站),浦东新区,"121.699218,31.050325"
上海市,BV10717297,萧塘(地铁站),奉贤区,"121.441857,30.965888"
上海市,BV10426326,浦电路(4号线)(地铁站),浦东新区,"121.532080,31.222285"
上海市,BV10538940,汇金路(地铁站),青浦区,"121.151665,31.161221"
上海市,BV10717294,奉浦大道(地铁站),奉贤区,"121.448984,30.942055"
上海市,BV10039874,松江新城(地铁站),松江区,"121.230739,31.030295"
上海市,BV10039826,浦东国际机场(地铁站),浦东新区,"121.806436,31.149596"
上海市,BV10717295,环城东路(地铁站),奉贤区,"121.463204,30.931168"
上海市,BV10717291,望园路(地铁站),奉贤区,"121.483580,30.931940"
上海市,BV10039873,松江体育中心(地铁站),松江区,"121.230546,31.016006"
上海市,BV10717289,金海湖(地铁站),奉贤区,"121.492506,30.928805"
上海市,BV10039815,惠南(地铁站),浦东新区,"121.761677,31.053828"
上海市,BV10538935,青浦新城(地铁站),青浦区,"121.125670,31.158925"
上海市,BV10037928,醉白池(地铁站),松江区,"121.229361,31.001125"
上海市,BV10717296,奉贤新城(地铁站),奉贤区,"121.496290,30.913916"
上海市,BV10032786,松江南站(地铁站),松江区,"121.230884,30.984818"
上海市,BV10538931,漕盈路(地铁站),青浦区,"121.096889,31.160467"
上海市,BV10039814,惠南东(地铁站),浦东新区,"121.793800,31.026448"
上海市,BV10538939,淀山湖大道(地铁站),青浦区,"121.082134,31.134460"
上海市,BV10538929,朱家角(地铁站),青浦区,"121.048989,31.100594"
上海市,BV10538934,东方绿舟(地铁站),青浦区,"121.019534,31.098544"
上海市,BV10027135,书院(地铁站),浦东新区,"121.850520,30.959264"
上海市,BV10039813,临港大道(地铁站),浦东新区,"121.910851,30.923519"
上海市,BV10035241,滴水湖(地铁站),浦东新区,"121.929583,30.907245"
上海市,BV11581689,上海外国语大学(地铁站),虹口区,"121.481101,31.274864"
上海市,BV10039980,虹桥1号航站楼(地铁站),长宁区,"121.347371,31.191363"
上海市,BV10039904,虹桥2号航站楼(地铁站),闵行区,"121.326300,31.194211"
上海市,BV10030681,外高桥保税区南(地铁站),浦东新区,"121.601963,31.321578"
上海市,BV10039848,外高桥保税区北(地铁站),浦东新区,"121.586926,31.347802"
上海市,BV10039784,一大会址·新天地(地铁站),黄浦区,"121.475182,31.216367"
上海市,BV10039832,上海儿童医学中心(地铁站),浦东新区,"121.523482,31.203277"
上海市,BV10039892,一大会址·黄陂南路(地铁站),黄浦区,"121.472904,31.223898"
上海市,BV11494198,浦东机场3号航站楼(地铁站),浦东新区,"121.817888,31.118692"
广州市,BV10014278,天河客运站(地铁站),天河区,"113.343986,23.171175"
广州市,BV10827185,新塘(地铁站),增城区,"113.604472,23.131731"
广州市,BV10015177,广州火车站(地铁站),越秀区,"113.256512,23.148339"
广州市,BV10015821,金洲(地铁站),南沙区,"113.538886,22.792178"
广州市,BV10019725,广州南站(地铁站),番禺区,"113.269124,22.988978"
广州市,BV10024378,淘金(地铁站),越秀区,"113.286549,23.136365"
广州市,BV10024403,长寿路(地铁站),荔湾区,"113.242271,23.118402"
广州市,BV10015729,黄沙(地铁站),荔湾区,"113.239856,23.110524"
广州市,BV10018365,沙园(地铁站),海珠区,"113.260584,23.088625"
广州市,BV10014526,体育中心(地铁站),天河区,"113.328376,23.134970"
广州市,BV10024356,燕塘(地铁站),天河区,"113.327132,23.159980"
广州市,BV10014653,客村(地铁站),海珠区,"113.320331,23.096197"
广州市,BV10024372,滘口(地铁站),荔湾区,"113.208440,23.113796"
广州市,BV10014127,大沙地(地铁站),黄埔区,"113.446074,23.103227"
广州市,BV10024352,嘉禾望岗(地铁站),白云区,"113.289243,23.237460"
广州市,BV10024351,龙归(地铁站),白云区,"113.300834,23.288736"
广州市,BV10024419,纪念堂(地铁站),越秀区,"113.263431,23.132179"
广州市,BV10016207,公园前(地铁站),越秀区,"113.264315,23.125446"
广州市,BV10994110,仓边路(地铁站),越秀区,"113.272686,23.130989"
广州市,BV10024402,西门口(地铁站),越秀区,"113.255830,23.125219"
广州市,BV11030726,恒福路(地铁站),越秀区,"113.281204,23.143954"
广州市,BV10014173,越秀公园(地铁站),越秀区,"113.261366,23.140041"
广州市,BV10013932,农讲所(地铁站),越秀区,"113.275602,23.126623"
广州市,BV10850282,流花路(地铁站),越秀区,"113.257184,23.139449"
广州市,BV10024407,北京路(地铁站),越秀区,"113.270327,23.118762"
广州市,BV10013928,小北(地铁站),越秀区,"113.276905,23.139424"
广州市,BV10018597,海珠广场(地铁站),越秀区,"113.265344,23.114796"
广州市,BV11303317,同福西(地铁站),海珠区,"113.252372,23.101689"
广州市,BV10015239,陈家祠(地铁站),荔湾区,"113.246439,23.125727"
广州市,BV10024406,团一大广场(地铁站),越秀区,"113.278266,23.118111"
广州市,BV10839959,彩虹桥(地铁站),越秀区,"113.245305,23.133800"
广州市,BV10024408,一德路(地铁站),越秀区,"113.257200,23.113036"
广州市,BV10994108,建设六马路(地铁站),越秀区,"113.285256,23.131557"
广州市,BV10013935,烈士陵园(地铁站),越秀区,"113.285663,23.126704"
广州市,BV11030732,景云路(地铁站),白云区,"113.272087,23.162986"
广州市,BV10839969,华林寺(地铁站),荔湾区,"113.247232,23.117839"
广州市,BV10024349,机场南(1号航站楼)(地铁站),花都区,"113.303097,23.386690"
广州市,BV10850276,梓元岗(地铁站),白云区,"113.263033,23.153492"
广州市,BV10024377,西村(地铁站),荔湾区,"113.242019,23.142012"
广州市,BV10019502,市二宫(地铁站),海珠区,"113.269890,23.105996"
广州市,BV11409639,田心村(地铁站),越秀区,"113.299717,23.154283"
广州市,BV10013728,文化公园(地铁站),荔湾区,"113.249954,23.108980"
广州市,BV10024376,西场(地铁站),荔湾区,"113.238056,23.137381"
广州市,BV11031577,乐嘉路(地铁站),白云区,"113.260823,23.170940"
广州市,BV11030741,二沙岛(地铁站),越秀区,"113.304376,23.109527"
广州市,BV10024405,东湖(地铁站),越秀区,"113.288583,23.115102"
广州市,BV10850279,广园新村(地铁站),白云区,"113.268876,23.157361"
广州市,BV10994103,农林下路(地铁站),越秀区,"113.295499,23.130883"
广州市,BV11030737,小金钟(地铁站),白云区,"113.275888,23.174342"
广州市,BV10024375,中山八(地铁站),荔湾区,"113.232727,23.126046"
广州市,BV10992382,署前路(地铁站),越秀区,"113.295609,23.121636"
广州市,BV10021603,东山口(地铁站),越秀区,"113.296354,23.124401"
广州市,BV10018660,区庄(地铁站),越秀区,"113.296725,23.134483"
广州市,BV10014446,三元里(地铁站),白云区,"113.256851,23.159402"
广州市,BV10024418,江南西(地铁站),海珠区,"113.273918,23.097214"
广州市,BV10850283,大金钟(地铁站),白云区,"113.277167,23.162047"
广州市,BV10017769,如意坊(地铁站),荔湾区,"113.231208,23.114978"
广州市,BV10014266,黄花岗(地铁站),越秀区,"113.299907,23.141128"
广州市,BV11030735,云溪公园(地铁站),白云区,"113.278269,23.180875"
广州市,BV10850278,云台花园(地铁站),越秀区,"113.292853,23.153917"
广州市,BV11031573,岗贝(地铁站),白云区,"113.260678,23.183717"
广州市,BV10992385,滨江东路(地铁站),海珠区,"113.291616,23.104080"
广州市,BV10014045,凤凰新村(地铁站),海珠区,"113.255994,23.094705"
广州市,BV10839966,鹅掌坦(地铁站),白云区,"113.235903,23.156438"
广州市,BV11057721,聚龙(地铁站),白云区,"113.238751,23.181252"
广州市,BV10994094,梅东路(地铁站),越秀区,"113.305989,23.131875"
广州市,BV10024420,飞翔公园(地铁站),白云区,"113.263635,23.168833"
广州市,BV10994091,罗冲围(地铁站),白云区,"113.224697,23.145158"
广州市,BV10014268,动物园(地铁站),越秀区,"113.307291,23.134503"
广州市,BV10024400,晓港(地铁站),海珠区,"113.281883,23.093066"
广州市,BV10024379,杨箕(地铁站),越秀区,"113.308877,23.128137"
广州市,BV10013608,芳村(地铁站),荔湾区,"113.235703,23.098592"
广州市,BV11594457,棠溪(地铁站),白云区,"113.247648,23.190686"
广州市,BV11030729,岭南广场(地铁站),海珠区,"113.324389,23.102400"
广州市,BV10024399,昌岗(地铁站),海珠区,"113.276885,23.090654"
广州市,BV10024374,坦尾(地铁站),荔湾区,"113.218387,23.125234"
广州市,BV10014270,沙河顶(地铁站),天河区,"113.306967,23.147276"
广州市,BV11653282,白云站(地铁站),白云区,"113.245133,23.190273"
广州市,BV10839961,同德(地铁站),白云区,"113.234705,23.163525"
广州市,BV10024409,河沙(地铁站),荔湾区,"113.217405,23.135576"
广州市,BV11030733,新市墟(地铁站),白云区,"113.263331,23.194680"
广州市,BV10024398,宝岗大道(地铁站),海珠区,"113.269700,23.086027"
广州市,BV10850274,石围塘(地铁站),荔湾区,"113.225207,23.103586"
广州市,BV10992378,寺右新马路(地铁站),越秀区,"113.312110,23.119646"
广州市,BV10850281,芳村大道东(地铁站),荔湾区,"113.244654,23.088937"
广州市,BV10994104,松溪(地铁站),白云区,"113.223522,23.154880"
广州市,BV11030739,南航新村(地铁站),白云区,"113.253964,23.196131"
广州市,BV10014717,中大(地铁站),海珠区,"113.292863,23.092124"
广州市,BV11032207,里横路(地铁站),白云区,"113.207208,23.172907"
广州市,BV10024380,五羊邨(地铁站),越秀区,"113.314249,23.119843"
广州市,BV10992381,广州大道中(地铁站),天河区,"113.315716,23.123786"
广州市,BV10839962,上步(地铁站),白云区,"113.235759,23.170978"
广州市,BV11031574,马务(地铁站),白云区,"113.263895,23.201642"
广州市,BV10018546,沙河(地铁站),天河区,"113.312511,23.152064"
广州市,BV10544497,沙涌(地铁站),荔湾区,"113.246755,23.083097"
广州市,BV10019562,江泰路(地铁站),海珠区,"113.280570,23.082231"
广州市,BV10992383,中大南门(地铁站),海珠区,"113.296359,23.089016"
广州市,BV10024404,花地湾(地铁站),荔湾区,"113.234030,23.087055"
广州市,BV10024421,白云公园(地铁站),白云区,"113.270966,23.181613"
广州市,BV10014336,体育西路(地铁站),天河区,"113.321503,23.131138"
广州市,BV11605041,京溪路(地铁站),白云区,"113.332333,23.177047"
广州市,BV10024361,珠江新城(地铁站),天河区,"113.321206,23.119293"
广州市,BV10015717,鹭江(地铁站),海珠区,"113.308219,23.095331"
广州市,BV10994098,花城广场北(地铁站),天河区,"113.322505,23.127177"
广州市,BV10024410,沙贝(地铁站),白云区,"113.211397,23.152430"
广州市,BV10992386,天河路(地铁站),天河区,"113.323035,23.133672"
广州市,BV11541225,南漖(地铁站),荔湾区,"113.248519,23.050791"
广州市,BV10024347,体育中心南(地铁站),天河区,"113.324309,23.134281"
广州市,BV10024346,黄埔大道(地铁站),天河区,"113.324490,23.127054"
广州市,BV10017706,天河南(地铁站),天河区,"113.324479,23.131384"
广州市,BV10544499,燕岗(地铁站),海珠区,"113.271988,23.075142"
广州市,BV10024345,妇儿中心(地铁站),天河区,"113.324558,23.122553"
广州市,BV10872654,五凤(地铁站),海珠区,"113.295661,23.082014"
广州市,BV10024348,林和西(地铁站),天河区,"113.323902,23.141363"
广州市,BV10014656,花城大道(地铁站),天河区,"113.324718,23.119223"
广州市,BV10994092,西洲(地铁站),白云区,"113.224957,23.173367"
广州市,BV10024344,大剧院(地铁站),天河区,"113.324460,23.116138"
广州市,BV10850286,南石路(地铁站),海珠区,"113.264429,23.072846"
广州市,BV11031578,创意园(地铁站),白云区,"113.266698,23.213148"
广州市,BV10024343,海心沙(地铁站),天河区,"113.324412,23.111545"
广州市,BV11375603,龙潭(地铁站),海珠区,"113.341155,23.080783"
广州市,BV10862415,冼村(地铁站),天河区,"113.328157,23.125722"
广州市,BV10024357,广州东站(地铁站),天河区,"113.324729,23.151336"
广州市,BV10021881,坑口(地铁站),荔湾区,"113.232498,23.078878"
广州市,BV10015731,广州塔(地铁站),海珠区,"113.323618,23.106375"
广州市,BV10850280,鹤洞东(地铁站),荔湾区,"113.250630,23.072038"
广州市,BV10013969,天平架(地铁站),天河区,"113.321353,23.159525"
广州市,BV11030731,赤沙(地铁站),海珠区,"113.347814,23.089346"
广州市,BV10015504,横沙(地铁站),白云区,"113.206791,23.158187"
广州市,BV10850275,逸景路(地铁站),海珠区,"113.304165,23.081997"
广州市,BV10024422,白云文化广场(地铁站),白云区,"113.275602,23.189574"
广州市,BV10839958,石潭(地铁站),白云区,"113.241010,23.187843"
广州市,BV10544496,鹤洞(地铁站),荔湾区,"113.240153,23.072495"
广州市,BV10014528,石牌桥(地铁站),天河区,"113.332124,23.133135"
广州市,BV11541223,南浦西(地铁站),番禺区,"113.260708,23.038156"
广州市,BV10014669,猎德(地铁站),天河区,"113.332105,23.118539"
广州市,BV11031576,鹤南(地铁站),白云区,"113.272333,23.222676"
广州市,BV10024417,东晓南(地铁站),海珠区,"113.294174,23.071333"
广州市,BV10544498,石溪(地铁站),海珠区,"113.285951,23.067937"
广州市,BV11653285,夏茅(地铁站),白云区,"113.259222,23.227108"
广州市,BV10994109,槎头(地铁站),白云区,"113.222759,23.184507"
广州市,BV10024411,浔峰岗(地铁站),白云区,"113.201941,23.164110"
广州市,BV10850271,上涌公园(地铁站),海珠区,"113.312833,23.079787"
广州市,BV10850285,天河东(地铁站),天河区,"113.336810,23.141525"
广州市,BV11031575,彭边(地铁站),白云区,"113.281399,23.227175"
广州市,BV10016743,梅花园(地铁站),天河区,"113.320507,23.175211"
广州市,BV10994107,石牌南(地铁站),天河区,"113.339508,23.126494"
广州市,BV10014530,岗顶(地铁站),天河区,"113.339601,23.134880"
广州市,BV10024423,萧岗(地铁站),白云区,"113.280697,23.198580"
广州市,BV10024397,西塱(地铁站),荔湾区,"113.232411,23.066618"
广州市,BV10992380,大干围(地铁站),海珠区,"113.283593,23.060557"
广州市,BV10024416,南洲(地铁站),海珠区,"113.297367,23.064799"
广州市,BV10013677,赤岗(地铁站),海珠区,"113.334582,23.096448"
广州市,BV10992384,东沙(地铁站),荔湾区,"113.263659,23.056835"
广州市,BV10839968,小坪(地铁站),白云区,"113.243052,23.200518"
广州市,BV10018644,大塘(地铁站),海珠区,"113.321677,23.077974"
广州市,BV10992379,广钢新城(地铁站),荔湾区,"113.245594,23.057331"
广州市,BV10014714,华师(地铁站),天河区,"113.345330,23.140290"
广州市,BV10022843,潭村(地铁站),天河区,"113.345949,23.117366"
广州市,BV10994095,凰岗(地铁站),白云区,"113.216681,23.193744"
广州市,BV10015269,磨碟沙(地铁站),海珠区,"113.341271,23.098656"
广州市,BV10994097,马场(地铁站),天河区,"113.348920,23.125620"
广州市,BV11030730,仑头(地铁站),海珠区,"113.375510,23.084531"
广州市,BV11095939,棠东(地铁站),天河区,"113.389744,23.130922"
广州市,BV10024355,京溪南方医院(地铁站),白云区,"113.326126,23.185225"
广州市,BV10024396,菊树(地铁站),荔湾区,"113.212863,23.065868"
广州市,BV10014251,江夏(地铁站),白云区,"113.283451,23.211301"
广州市,BV10994099,白马岗(地铁站),天河区,"113.355084,23.124653"
广州市,BV10015976,五山(地铁站),天河区,"113.351812,23.152833"
广州市,BV10839963,石井(地铁站),白云区,"113.231799,23.211101"
广州市,BV10994096,庆丰(地铁站),白云区,"113.215594,23.205206"
广州市,BV10850272,华景路(地铁站),天河区,"113.359543,23.133967"
广州市,BV10014379,同和(地铁站),白云区,"113.326264,23.197060"
广州市,BV11605043,白云城市中心(地铁站),白云区,"113.281205,23.260831"
广州市,BV11095936,大观南路(地铁站),天河区,"113.406947,23.144575"
广州市,BV11095935,天河智慧城(地铁站),天河区,"113.403184,23.163275"
广州市,BV10014515,沥滘(地铁站),海珠区,"113.319077,23.054898"
广州市,BV10593232,天河公园(地铁站),天河区,"113.362879,23.125317"
广州市,BV10024401,新港东(地铁站),海珠区,"113.357010,23.098722"
广州市,BV10014408,长湴(地铁站),天河区,"113.349324,23.178369"
广州市,BV10024395,龙溪(地铁站),荔湾区,"113.192391,23.066029"
广州市,BV10021812,员村(地铁站),天河区,"113.363663,23.115768"
广州市,BV10024415,洛溪(地铁站),番禺区,"113.298665,23.042896"
广州市,BV10016172,黄边(地铁站),白云区,"113.287376,23.221645"
广州市,BV10024353,白云大道北(地铁站),白云区,"113.298178,23.222382"
广州市,BV10024354,永泰(地铁站),白云区,"113.306295,23.220226"
广州市,BV11636646,大洲(地铁站),番禺区,"113.257295,22.983794"
广州市,BV10013860,琶洲(地铁站),海珠区,"113.366700,23.098516"
广州市,BV10024414,南浦(地铁站),番禺区,"113.293154,23.032929"
广州市,BV10850277,赤沙滘(地铁站),海珠区,"113.362990,23.084546"
广州市,BV10839965,亭岗(地铁站),白云区,"113.219962,23.222616"
广州市,BV11030723,深井(地铁站),黄埔区,"113.410603,23.069534"
广州市,BV10014015,科韵路(地铁站),天河区,"113.377215,23.119280"
广州市,BV10024360,厦滘(地铁站),番禺区,"113.320837,23.038007"
广州市,BV11095937,神舟路(地铁站),黄埔区,"113.431334,23.165215"
广州市,BV10994102,棠下(地铁站),天河区,"113.382388,23.125425"
广州市,BV11030734,长洲(地铁站),黄埔区,"113.428964,23.076126"
广州市,BV10791947,植物园(地铁站),天河区,"113.365686,23.190164"
广州市,BV10994100,朝阳(地铁站),白云区,"113.200145,23.226542"
广州市,BV10024362,万胜围(地铁站),海珠区,"113.384796,23.097712"
广州市,BV10839960,滘心(地铁站),白云区,"113.216982,23.236888"
广州市,BV10862414,沙溪(地铁站),番禺区,"113.338357,23.036197"
广州市,BV10014566,车陂南(地铁站),天河区,"113.389561,23.115930"
广州市,BV10880417,陈头岗(地铁站),番禺区,"113.265636,23.013218"
广州市,BV11095938,科学城(地铁站),黄埔区,"113.449250,23.165651"
广州市,BV11030724,洪圣沙(地铁站),黄埔区,"113.443719,23.081610"
广州市,BV10024413,会江(地铁站),番禺区,"113.286394,23.013047"
广州市,BV11030738,姬堂(地铁站),黄埔区,"113.456040,23.132491"
广州市,BV10791941,龙洞(地铁站),天河区,"113.377520,23.190960"
广州市,BV10014611,车陂(地铁站),天河区,"113.395548,23.124465"
广州市,BV10024363,官洲(地铁站),海珠区,"113.376846,23.066862"
广州市,BV11030727,加庄(地铁站),黄埔区,"113.460374,23.148535"
广州市,BV10019878,大石(地铁站),番禺区,"113.321744,23.017761"
广州市,BV11605042,方石(地铁站),白云区,"113.281086,23.321458"
广州市,BV11030740,科丰路(地铁站),黄埔区,"113.466329,23.162859"
广州市,BV10018486,东圃(地铁站),天河区,"113.401562,23.109392"
广州市,BV11661373,双岗(地铁站),黄埔区,"113.474331,23.094468"
广州市,BV10851523,白云东平(地铁站),白云区,"113.317841,23.251170"
广州市,BV10014561,黄村(地铁站),天河区,"113.407050,23.132086"
广州市,BV10024364,大学城北(地铁站),番禺区,"113.385795,23.057937"
广州市,BV10791942,柯木塱(地铁站),天河区,"113.395991,23.193462"
广州市,BV10024412,石壁(地铁站),番禺区,"113.277964,22.994136"
广州市,BV11030728,水西北(地铁站),黄埔区,"113.474845,23.195235"
广州市,BV10024381,三溪(地铁站),天河区,"113.415784,23.104098"
广州市,BV10569461,谢村(地铁站),番禺区,"113.295832,22.990579"
广州市,BV10994105,珠村(地铁站),天河区,"113.420677,23.116435"
广州市,BV11095940,长平(地铁站),黄埔区,"113.489704,23.210341"
广州市,BV10569462,员岗(地铁站),番禺区,"113.365641,23.015962"
广州市,BV10569459,南村万博(地铁站),番禺区,"113.347555,23.004789"
广州市,BV10791939,高塘石(地铁站),天河区,"113.410408,23.191057"
广州市,BV11605040,凤凰南路(地铁站),花都区,"113.240112,23.360554"
广州市,BV10024359,汉溪长隆(地铁站),番禺区,"113.330170,22.992931"
广州市,BV10569458,钟村(地铁站),番禺区,"113.316980,22.986437"
广州市,BV10024365,大学城南(地铁站),番禺区,"113.400557,23.043313"
广州市,BV11653281,机场东(地铁站),白云区,"113.318844,23.364390"
广州市,BV11030744,番禺客运站(地铁站),番禺区,"113.410076,22.936702"
广州市,BV10851511,夏良(地铁站),白云区,"113.323505,23.277704"
广州市,BV10024383,鱼珠(地铁站),黄埔区,"113.432261,23.100431"
广州市,BV10569460,板桥(地铁站),番禺区,"113.388139,23.016845"
广州市,BV11653283,机场南(地铁站),花都区,"113.301363,23.384985"
广州市,BV11030743,广州新城西(地铁站),番禺区,"113.439675,22.938156"
广州市,BV10022634,人和(地铁站),白云区,"113.295995,23.335224"
广州市,BV10791940,黄陂(地铁站),黄埔区,"113.433738,23.188379"
广州市,BV11030742,金光大道(地铁站),番禺区,"113.457479,22.942270"
广州市,BV11653284,机场北(地铁站),花都区,"113.302521,23.394727"
广州市,BV11095934,金坑(地铁站),黄埔区,"113.526727,23.249328"
广州市,BV10880418,市广路(地铁站),番禺区,"113.336998,22.971369"
广州市,BV10024366,新造(地铁站),番禺区,"113.415714,23.028182"
广州市,BV10827181,裕丰围(地铁站),黄埔区,"113.455011,23.094934"
广州市,BV10791945,金峰(地铁站),黄埔区,"113.451071,23.181316"
广州市,BV10013815,大沙东(地铁站),黄埔区,"113.458515,23.106216"
广州市,BV10791946,暹岗(地铁站),黄埔区,"113.460177,23.172296"
广州市,BV11605044,花城街(地铁站),花都区,"113.234955,23.425568"
广州市,BV10851517,太和(地铁站),白云区,"113.347197,23.299284"
广州市,BV10021532,文冲(地铁站),黄埔区,"113.469004,23.103796"
广州市,BV10593225,苏元(地铁站),黄埔区,"113.468482,23.170970"
广州市,BV10024358,市桥(地铁站),番禺区,"113.361726,22.949743"
广州市,BV10827179,双岗(地铁站),黄埔区,"113.474331,23.094468"
广州市,BV10791944,萝岗(地铁站),黄埔区,"113.481288,23.175137"
广州市,BV10593223,水西(地铁站),黄埔区,"113.479492,23.186954"
广州市,BV10827180,南海神庙(地铁站),黄埔区,"113.497434,23.083718"
广州市,BV10023067,官桥(地铁站),番禺区,"113.443122,22.982352"
广州市,BV10791943,香雪(地铁站),黄埔区,"113.501224,23.172382"
广州市,BV10994106,庙头路(地铁站),黄埔区,"113.503766,23.083552"
广州市,BV10019880,番禺广场(地铁站),番禺区,"113.385642,22.935482"
广州市,BV10024350,高增(地铁站),白云区,"113.295504,23.355162"
广州市,BV10851521,竹料(地铁站),白云区,"113.368332,23.348496"
广州市,BV10827177,夏园(地铁站),黄埔区,"113.518376,23.082901"
广州市,BV10710261,清塘(地铁站),花都区,"113.262858,23.372206"
广州市,BV10994089,保盈大道(地铁站),黄埔区,"113.526230,23.075142"
广州市,BV10571470,清布(地铁站),花都区,"113.250989,23.378122"
广州市,BV10994090,广州开发区(地铁站),黄埔区,"113.525479,23.061579"
广州市,BV10994101,黄埔客运港(地铁站),黄埔区,"113.525530,23.050493"
广州市,BV10571477,广州北站(地铁站),花都区,"113.201568,23.376419"
广州市,BV10024367,石碁(地铁站),番禺区,"113.465225,22.957185"
广州市,BV10571480,花城路(地铁站),花都区,"113.212740,23.379622"
广州市,BV10827178,南岗(地铁站),黄埔区,"113.541486,23.095280"
广州市,BV10571469,莲塘(地铁站),花都区,"113.245149,23.389101"
广州市,BV10571478,花都汽车城(地铁站),花都区,"113.180367,23.379671"
广州市,BV10571474,花果山公园(地铁站),花都区,"113.218389,23.387119"
广州市,BV10571476,飞鹅岭(地铁站),花都区,"113.155127,23.378345"
广州市,BV10571473,马鞍山公园(地铁站),花都区,"113.237846,23.399699"
广州市,BV10024368,海傍(地铁站),番禺区,"113.475352,22.939553"
广州市,BV10571472,花都广场(地铁站),花都区,"113.222628,23.401307"
广州市,BV10851527,钟落潭(地铁站),白云区,"113.400686,23.375649"
广州市,BV10827183,沙村(地铁站),增城区,"113.570399,23.110590"
广州市,BV10024369,低涌(地铁站),番禺区,"113.484818,22.919463"
广州市,BV10827182,白江(地铁站),增城区,"113.595627,23.123235"
广州市,BV10851525,马沥(地铁站),白云区,"113.450388,23.393877"
广州市,BV10019828,东涌(地铁站),南沙区,"113.478955,22.885577"
广州市,BV10593221,镇龙西(地铁站),黄埔区,"113.573793,23.278088"
广州市,BV10851512,枫下(地铁站),黄埔区,"113.508322,23.363059"
广州市,BV10851520,知识城(地铁站),黄埔区,"113.525198,23.349377"
广州市,BV10851518,新南(地铁站),黄埔区,"113.495228,23.377232"
广州市,BV10851514,何棠下(地铁站),黄埔区,"113.543688,23.331190"
广州市,BV10851526,旺村(地铁站),黄埔区,"113.551749,23.323256"
广州市,BV10851515,汤村(地铁站),黄埔区,"113.564686,23.307382"
广州市,BV10851509,镇龙北(地铁站),黄埔区,"113.576945,23.289584"
广州市,BV10024370,庆盛(地铁站),南沙区,"113.490456,22.866999"
广州市,BV10851528,新和(地铁站),白云区,"113.467060,23.413259"
广州市,BV10851510,红卫(地铁站),黄埔区,"113.487415,23.399261"
广州市,BV10593235,镇龙(地铁站),黄埔区,"113.593000,23.284514"
广州市,BV10827186,官湖(地铁站),增城区,"113.636569,23.137226"
广州市,BV10827184,新沙(地铁站),增城区,"113.649417,23.136863"
广州市,BV10593236,中新(地铁站),增城区,"113.613131,23.285303"
广州市,BV10016576,黄阁汽车城(地铁站),南沙区,"113.509719,22.835812"
广州市,BV10593220,坑贝(地铁站),增城区,"113.642606,23.278769"
广州市,BV10851513,太平(地铁站),从化区,"113.491955,23.452090"
广州市,BV10024371,黄阁(地铁站),南沙区,"113.518768,22.824736"
广州市,BV10593229,凤岗(地铁站),增城区,"113.670634,23.275961"
广州市,BV10020680,蕉门(地铁站),南沙区,"113.527502,22.800704"
广州市,BV10851519,神岗(地铁站),从化区,"113.517396,23.475101"
广州市,BV10697442,朱村(地铁站),增城区,"113.701415,23.272316"
广州市,BV10960124,飞沙角(地铁站),南沙区,"113.540758,22.781854"
广州市,BV10960129,广隆(地铁站),南沙区,"113.540728,22.772143"
广州市,BV10862413,横沥(地铁站),南沙区,"113.511721,22.753453"
广州市,BV10960128,大涌(地铁站),南沙区,"113.555975,22.759076"
广州市,BV10851516,赤草(地铁站),从化区,"113.560204,23.501199"
广州市,BV10593233,山田(地铁站),增城区,"113.744543,23.276428"
广州市,BV10960127,塘坑(地铁站),南沙区,"113.573064,22.753098"
广州市,BV10960125,南沙客运港(地铁站),南沙区,"113.610968,22.766988"
广州市,BV10960126,南横(地铁站),南沙区,"113.594381,22.747885"
广州市,BV10851522,从化客运站(地铁站),从化区,"113.594721,23.531769"
广州市,BV10593222,钟岗(地铁站),增城区,"113.792047,23.279317"
广州市,BV10862412,万顷沙(地铁站),南沙区,"113.557043,22.698398"
广州市,BV10593227,增城广场(地铁站),增城区,"113.814472,23.278024"
广州市,BV10851524,东风(地铁站),从化区,"113.600801,23.566233"
广州市,BV11014910,机场北(2号航站楼)(地铁站),花都区,"113.305659,23.396197"
深圳市,BV10249979,清湖(地铁站),龙华区,"114.036538,22.664085"
深圳市,BV10249978,罗湖(地铁站),罗湖区,"114.118666,22.532083"
深圳市,BV10249980,龙华(地铁站),龙华区,"114.022419,22.651629"
深圳市,BV10244305,深圳北站(地铁站),龙华区,"114.030865,22.610815"
深圳市,BV10249964,老街(地铁站),罗湖区,"114.116208,22.544970"
深圳市,BV10249901,西丽(地铁站),南山区,"113.954396,22.580677"
深圳市,BV10243650,华强北(地铁站),福田区,"114.085413,22.544441"
深圳市,BV10249968,西乡(地铁站),宝安区,"113.863048,22.575149"
深圳市,BV10243477,草埔(地铁站),罗湖区,"114.116500,22.584447"
深圳市,BV10243876,黄贝岭(地铁站),罗湖区,"114.136332,22.546095"
深圳市,BV10242458,固戍(地铁站),宝安区,"113.846792,22.601363"
深圳市,BV10249935,布吉(地铁站),龙岗区,"114.121159,22.602330"
深圳市,BV10249875,双龙(地铁站),龙岗区,"114.277422,22.728806"
深圳市,BV10249928,车公庙(地铁站),福田区,"114.025830,22.536247"
深圳市,BV10527866,沙井(地铁站),宝安区,"113.824434,22.730849"
深圳市,BV10242465,松岗(地铁站),宝安区,"113.829631,22.772271"
深圳市,BV10243488,市民中心(地铁站),福田区,"114.060970,22.541834"
深圳市,BV10243648,少年宫(地铁站),福田区,"114.060170,22.548627"
深圳市,BV10249929,福田(地铁站),福田区,"114.052879,22.540087"
深圳市,BV10249997,莲花西(地铁站),福田区,"114.050034,22.546668"
深圳市,BV10243493,会展中心(地铁站),福田区,"114.061101,22.534769"
深圳市,BV10248569,购物公园(地铁站),福田区,"114.054581,22.534655"
深圳市,BV10249998,岗厦北(地铁站),福田区,"114.068214,22.541662"
深圳市,BV10249966,莲花村(地铁站),福田区,"114.067829,22.548646"
深圳市,BV10243519,岗厦(地铁站),福田区,"114.068190,22.534854"
深圳市,BV10249926,景田(地铁站),福田区,"114.043343,22.553419"
深圳市,BV10249927,香梅(地铁站),福田区,"114.039683,22.545356"
深圳市,BV10245550,莲花北(地铁站),福田区,"114.059402,22.560538"
深圳市,BV11584229,中大八院(地铁站),福田区,"114.080692,22.537316"
深圳市,BV10243468,香蜜湖(地铁站),福田区,"114.038637,22.538887"
深圳市,BV10672438,冬瓜岭(地铁站),福田区,"114.067592,22.560437"
深圳市,BV10243850,石厦(地铁站),福田区,"114.053616,22.523708"
深圳市,BV10602483,皇岗村(地铁站),福田区,"114.059823,22.523138"
深圳市,BV10249907,福民(地铁站),福田区,"114.065915,22.523226"
深圳市,BV10249909,华强路(地铁站),福田区,"114.085133,22.540459"
深圳市,BV10447619,梅景(地铁站),福田区,"114.037934,22.561028"
深圳市,BV10447616,梅村(地铁站),福田区,"114.052423,22.568443"
深圳市,BV10243787,香梅北(地铁站),福田区,"114.032716,22.553860"
深圳市,BV10243619,皇岗口岸(地铁站),福田区,"114.073972,22.521799"
深圳市,BV10447623,孖岭(地铁站),福田区,"114.067778,22.568458"
深圳市,BV10447624,下梅林(地铁站),福田区,"114.041768,22.565672"
深圳市,BV10249908,赤尾(地铁站),福田区,"114.083598,22.531374"
深圳市,BV10585815,沙尾(地铁站),福田区,"114.042579,22.520798"
深圳市,BV10243815,上梅林(地铁站),福田区,"114.059415,22.570459"
深圳市,BV10249910,华新(地铁站),福田区,"114.086654,22.548981"
深圳市,BV10602476,华强南(地铁站),福田区,"114.086825,22.537214"
深圳市,BV10249967,益田(地铁站),福田区,"114.050987,22.516287"
深圳市,BV10243496,上沙(地铁站),福田区,"114.035504,22.524612"
深圳市,BV10602480,福邻(地铁站),福田区,"114.081263,22.524656"
深圳市,BV10602475,黄木岗(地铁站),福田区,"114.087280,22.555843"
深圳市,BV10243512,福田口岸(地铁站),福田区,"114.067731,22.515176"
深圳市,BV10249999,燕南(地铁站),福田区,"114.092561,22.544541"
深圳市,BV10793829,翰岭(地铁站),福田区,"114.068894,22.574179"
深圳市,BV10249996,香蜜(地铁站),福田区,"114.023851,22.552772"
深圳市,BV10447625,下沙(地铁站),福田区,"114.024334,22.528900"
深圳市,BV11539097,建设路(地铁站),罗湖区,"114.117397,22.542994"
深圳市,BV10245558,科学馆(地铁站),福田区,"114.095173,22.540618"
深圳市,BV10793836,福保(地铁站),福田区,"114.055586,22.507884"
深圳市,BV10249965,通新岭(地铁站),福田区,"114.096273,22.549126"
深圳市,BV10879919,体育中心(地铁站),福田区,"114.096104,22.554673"
深圳市,BV10602478,农林(地铁站),福田区,"114.018135,22.540411"
深圳市,BV11539096,东门路(地铁站),罗湖区,"114.123442,22.544082"
深圳市,BV10249923,银湖(地铁站),罗湖区,"114.089851,22.568308"
深圳市,BV10245836,八卦岭(地铁站),福田区,"114.094649,22.561941"
深圳市,BV10249995,侨香(地铁站),福田区,"114.014378,22.549784"
深圳市,BV10243704,竹子林(地铁站),福田区,"114.013917,22.533357"
深圳市,BV10738554,红岭南(地铁站),罗湖区,"114.104749,22.539943"
深圳市,BV10249921,红岭(地铁站),罗湖区,"114.104584,22.548380"
深圳市,BV10447617,泥岗(地铁站),罗湖区,"114.097634,22.567804"
深圳市,BV10249922,园岭(地铁站),福田区,"114.104497,22.556288"
深圳市,BV10246013,大剧院(地铁站),罗湖区,"114.107811,22.541800"
深圳市,BV10447622,红岭北(地铁站),福田区,"114.104315,22.562030"
深圳市,BV10243878,鹿丹村(地铁站),罗湖区,"114.108625,22.535708"
深圳市,BV10249904,安托山(地铁站),福田区,"114.006236,22.548785"
深圳市,BV10793830,梅林关(地铁站),龙华区,"114.053190,22.594524"
深圳市,BV10249983,民乐(地铁站),龙华区,"114.048809,22.594144"
深圳市,BV10602482,笋岗(地铁站),罗湖区,"114.111295,22.563406"
深圳市,BV10249994,深康(地铁站),福田区,"113.998846,22.546456"
深圳市,BV10447615,人民南(地铁站),罗湖区,"114.118154,22.535514"
深圳市,BV10243546,国贸(地铁站),罗湖区,"114.118826,22.539671"
深圳市,BV10249977,侨城东(地铁站),福田区,"113.996651,22.532406"
深圳市,BV10249982,白石龙(地铁站),龙华区,"114.042431,22.601505"
深圳市,BV10672445,雅宝(地铁站),龙岗区,"114.060303,22.603439"
深圳市,BV10249963,晒布(地铁站),罗湖区,"114.122664,22.549238"
深圳市,BV10602474,深云(地铁站),南山区,"113.993727,22.556537"
深圳市,BV10997903,清水河(地铁站),罗湖区,"114.112782,22.578906"
深圳市,BV10250000,湖贝(地铁站),罗湖区,"114.125437,22.544287"
深圳市,BV10447618,向西村(地铁站),罗湖区,"114.125767,22.539792"
深圳市,BV10602477,洪湖(地铁站),罗湖区,"114.122465,22.566056"
深圳市,BV10447620,深圳湾公园(地铁站),南山区,"113.993114,22.521591"
深圳市,BV10249993,侨城北(地铁站),南山区,"113.989148,22.543992"
深圳市,BV11291528,高新南(地铁站),南山区,"113.950079,22.532797"
深圳市,BV10700463,南坑(地铁站),龙岗区,"114.060546,22.610894"
深圳市,BV10447626,文锦(地铁站),罗湖区,"114.131123,22.542455"
深圳市,BV10249962,翠竹(地铁站),罗湖区,"114.129883,22.556188"
深圳市,BV10249976,华侨城(地铁站),南山区,"113.985369,22.533489"
深圳市,BV10246345,水贝(地铁站),罗湖区,"114.124974,22.573988"
深圳市,BV10246144,田贝(地铁站),罗湖区,"114.130052,22.567280"
深圳市,BV10249942,塘朗(地铁站),南山区,"113.999666,22.590097"
深圳市,BV10249941,长岭陂(地铁站),南山区,"114.010275,22.599395"
深圳市,BV10243793,桃源村(地铁站),南山区,"113.981962,22.559900"
深圳市,BV11589043,学府医院(地铁站),南山区,"113.989629,22.593940"
深圳市,BV10672441,光雅园(地铁站),龙岗区,"114.060892,22.616397"
深圳市,BV10249940,民治(地铁站),龙华区,"114.040850,22.617545"
深圳市,BV10447621,深湾(地铁站),南山区,"113.978620,22.523078"
深圳市,BV11291530,深大南(地铁站),南山区,"113.935675,22.526016"
深圳市,BV10249933,怡景(地铁站),罗湖区,"114.140115,22.555856"
深圳市,BV10242356,世界之窗(地铁站),南山区,"113.974216,22.536900"
深圳市,BV10249913,太安(地铁站),罗湖区,"114.137119,22.573466"
深圳市,BV10249903,龙井(地铁站),南山区,"113.974687,22.564010"
深圳市,BV11589044,北大(地铁站),南山区,"113.978352,22.593965"
深圳市,BV11291534,南山书城(地铁站),南山区,"113.928340,22.518589"
深圳市,BV10729670,红树湾南(地铁站),南山区,"113.971433,22.523023"
深圳市,BV10249936,长龙(地铁站),龙岗区,"114.113825,22.608053"
深圳市,BV10249934,布心(地铁站),罗湖区,"114.138045,22.580986"
深圳市,BV10249939,五和(地铁站),龙岗区,"114.060681,22.626833"
深圳市,BV10244044,白石洲(地铁站),南山区,"113.967048,22.539604"
深圳市,BV10249914,新秀(地铁站),罗湖区,"114.149149,22.547730"
深圳市,BV10249884,红山(地铁站),龙华区,"114.023400,22.621707"
深圳市,BV10249992,红树湾(地铁站),南山区,"113.968432,22.525142"
深圳市,BV10247063,百鸽笼(地铁站),龙岗区,"114.130380,22.595442"
深圳市,BV10249938,坂田(地铁站),龙岗区,"114.070852,22.627483"
深圳市,BV10249937,杨美(地铁站),龙岗区,"114.079975,22.626777"
深圳市,BV10244199,下水径(地铁站),龙岗区,"114.110662,22.614833"
深圳市,BV11291529,南油西(地铁站),南山区,"113.918402,22.509074"
深圳市,BV10244202,上水径(地铁站),龙岗区,"114.105337,22.622046"
深圳市,BV10677095,莲塘口岸(地铁站),罗湖区,"114.155341,22.553346"
深圳市,BV11291533,荔林(地铁站),南山区,"113.913128,22.511903"
深圳市,BV10672436,坂田北(地铁站),龙岗区,"114.063369,22.634919"
深圳市,BV10249961,木棉湾(地铁站),龙岗区,"114.130293,22.606997"
深圳市,BV10249902,珠光(地铁站),南山区,"113.960559,22.568270"
深圳市,BV10249943,大学城(地铁站),南山区,"113.965307,22.581946"
深圳市,BV11628746,日出剧场(地铁站),南山区,"113.952923,22.497871"
深圳市,BV11291531,怡海(地铁站),南山区,"113.903758,22.514933"
深圳市,BV10249975,高新园(地铁站),南山区,"113.953842,22.540236"
深圳市,BV10672439,贝尔路(地铁站),龙岗区,"114.066366,22.641719"
深圳市,BV11291532,梦海(地铁站),南山区,"113.898806,22.518925"
深圳市,BV10602481,西丽湖(地铁站),南山区,"113.965652,22.593564"
深圳市,BV10602479,茶光(地铁站),南山区,"113.954311,22.574138"
深圳市,BV10677096,仙湖路(地铁站),罗湖区,"114.166230,22.563909"
深圳市,BV10249960,大芬(地铁站),龙岗区,"114.138364,22.614191"
深圳市,BV10249885,上塘(地铁站),龙华区,"114.012838,22.637056"
深圳市,BV10996630,高新中(地铁站),南山区,"113.945389,22.546913"
深圳市,BV10527875,上芬(地铁站),龙华区,"114.016637,22.640394"
深圳市,BV10996633,高新北(地铁站),南山区,"113.945561,22.556935"
深圳市,BV10724144,粤海门(地铁站),南山区,"113.945531,22.532695"
深圳市,BV10249991,科苑(地铁站),南山区,"113.946195,22.527019"
深圳市,BV10249974,深大(地铁站),南山区,"113.944173,22.538667"
深圳市,BV10996639,深圳湾口岸(地铁站),南山区,"113.950252,22.502977"
深圳市,BV10672431,华为(地铁站),龙岗区,"114.067171,22.650445"
深圳市,BV10996635,西丽高铁站(地铁站),南山区,"113.943524,22.566903"
深圳市,BV10249990,后海(地铁站),南山区,"113.942498,22.518422"
深圳市,BV10249981,龙胜(地铁站),龙华区,"114.012010,22.644739"
深圳市,BV10242475,莲塘(地铁站),罗湖区,"114.174291,22.564118"
深圳市,BV10996634,石鼓(地铁站),南山区,"113.944108,22.575174"
深圳市,BV11628747,歌剧院(地铁站),南山区,"113.940675,22.483662"
深圳市,BV11564245,西坑(地铁站),龙岗区,"114.224332,22.616596"
深圳市,BV10996631,人才公园(地铁站),南山区,"113.943077,22.512122"
深圳市,BV11564240,安良(地铁站),龙岗区,"114.219698,22.626882"
深圳市,BV10997912,石芽岭(地铁站),龙岗区,"114.136843,22.627550"
深圳市,BV10243933,留仙洞(地铁站),南山区,"113.943543,22.580534"
深圳市,BV10249959,丹竹头(地铁站),龙岗区,"114.148054,22.619752"
深圳市,BV10672437,甘坑(地铁站),龙岗区,"114.105826,22.647828"
深圳市,BV10672435,岗头(地铁站),龙岗区,"114.071895,22.657067"
深圳市,BV11564246,福坑(地铁站),龙岗区,"114.222086,22.635625"
深圳市,BV10672442,雪象(地铁站),龙岗区,"114.078808,22.657116"
深圳市,BV10249989,登良(地铁站),南山区,"113.937602,22.509146"
深圳市,BV10684317,梧桐山南(地铁站),罗湖区,"114.183207,22.557850"
深圳市,BV10672446,凉帽山(地铁站),龙岗区,"114.118964,22.646323"
深圳市,BV11564247,龙兴(地铁站),龙岗区,"114.228440,22.638674"
深圳市,BV10249988,海月(地铁站),南山区,"113.937715,22.500409"
深圳市,BV10249987,湾厦(地铁站),南山区,"113.938604,22.493353"
深圳市,BV10527874,元芬(地铁站),龙华区,"114.005138,22.656327"
深圳市,BV10249851,桃园(地铁站),南山区,"113.924857,22.532357"
深圳市,BV10996672,中山公园(地铁站),南山区,"113.923342,22.546550"
深圳市,BV11564242,园山(地铁站),龙岗区,"114.238046,22.644745"
深圳市,BV10996671,南头古城(地铁站),南山区,"113.922954,22.540087"
深圳市,BV10244676,南山(地铁站),南山区,"113.923596,22.524022"
深圳市,BV10996658,南光(地铁站),南山区,"113.924540,22.516471"
深圳市,BV11422055,北山道(地铁站),盐田区,"114.264761,22.590313"
深圳市,BV10724148,南油(地铁站),南山区,"113.925747,22.510197"
深圳市,BV11564243,阿波罗南(地铁站),龙岗区,"114.236088,22.654483"
深圳市,BV11564244,阿波罗(地铁站),龙岗区,"114.232762,22.659672"
深圳市,BV10895880,上李朗(地铁站),龙岗区,"114.127071,22.654048"
深圳市,BV10996652,同乐南(地铁站),南山区,"113.918684,22.557160"
深圳市,BV10877299,清湖北(地铁站),龙华区,"114.040417,22.672087"
深圳市,BV10244079,东角头(地铁站),南山区,"113.931149,22.486325"
深圳市,BV11564241,长江埔(地铁站),龙岗区,"114.230152,22.674248"
深圳市,BV11422054,盐田食街(地铁站),盐田区,"114.275220,22.587432"
深圳市,BV11496171,市中医院(地铁站),光明区,"113.946753,22.723530"
深圳市,BV10249973,大新(地铁站),南山区,"113.915072,22.532232"
深圳市,BV10996665,四海(地铁站),南山区,"113.921896,22.500242"
深圳市,BV10249944,兴东(地铁站),宝安区,"113.919013,22.581822"
深圳市,BV11496173,光明城(地铁站),光明区,"113.953490,22.732790"
深圳市,BV10996637,白芒(地铁站),南山区,"113.938877,22.622922"
深圳市,BV10996670,新安公园(地铁站),宝安区,"113.911652,22.561418"
深圳市,BV11498085,龙城公园(地铁站),龙岗区,"114.218447,22.704526"
深圳市,BV11496174,同观路(地铁站),光明区,"113.948720,22.738482"
深圳市,BV10996660,工业六路(地铁站),南山区,"113.918184,22.493300"
深圳市,BV10527881,阳台山东(地铁站),龙华区,"113.991600,22.667894"
深圳市,BV10249986,水湾(地铁站),南山区,"113.919686,22.488389"
深圳市,BV10249945,洪浪北(地铁站),宝安区,"113.910585,22.574543"
深圳市,BV10672432,木古(地铁站),龙岗区,"114.122472,22.670179"
深圳市,BV10249972,鲤鱼门(地铁站),南山区,"113.903079,22.532005"
深圳市,BV10877294,竹村(地铁站),龙华区,"114.040309,22.686728"
深圳市,BV10249853,灵芝(地铁站),宝安区,"113.904158,22.568964"
深圳市,BV10244034,海上世界(地铁站),南山区,"113.915111,22.485101"
深圳市,BV10672443,华南城(地铁站),龙岗区,"114.122250,22.675974"
深圳市,BV10249958,六约(地铁站),龙岗区,"114.180646,22.634322"
深圳市,BV11380330,肿瘤医院(地铁站),龙岗区,"114.249777,22.692310"
深圳市,BV10997904,六约北(地铁站),龙岗区,"114.174837,22.642476"
深圳市,BV10249931,前海湾(地铁站),南山区,"113.897933,22.537335"
深圳市,BV11422053,大梅沙(地铁站),盐田区,"114.307858,22.594169"
深圳市,BV10868016,桂湾(地铁站),南山区,"113.897944,22.532358"
深圳市,BV10249985,蛇口港(地铁站),南山区,"113.912331,22.476626"
深圳市,BV10249971,新安(地铁站),宝安区,"113.894625,22.547468"
深圳市,BV11496166,月亮路(地铁站),光明区,"113.912325,22.746048"
深圳市,BV10724147,前湾(地铁站),南山区,"113.895389,22.521858"
深圳市,BV10996654,上川(地铁站),宝安区,"113.897075,22.575940"
深圳市,BV10996655,太子湾(地铁站),南山区,"113.911683,22.473175"
深圳市,BV10249946,翻身(地铁站),宝安区,"113.893232,22.559690"
深圳市,BV10249915,沙头角(地铁站),盐田区,"114.223195,22.554232"
深圳市,BV10672440,禾花(地铁站),龙岗区,"114.121064,22.686028"
深圳市,BV10877293,茜坑(地铁站),龙华区,"114.041087,22.697256"
深圳市,BV10249949,临海(地铁站),宝安区,"113.889323,22.544160"
深圳市,BV10249957,塘坑(地铁站),龙岗区,"114.192725,22.639179"
深圳市,BV10996638,应人石(地铁站),宝安区,"113.926474,22.644857"
深圳市,BV10868014,前湾公园(地铁站),南山区,"113.889552,22.516108"
深圳市,BV10249947,宝安中心(地铁站),宝安区,"113.887233,22.554575"
深圳市,BV11496169,东周路(地铁站),光明区,"113.905354,22.758076"
深圳市,BV10868017,荔湾(地铁站),南山区,"113.893485,22.497821"
深圳市,BV10249948,宝华(地铁站),宝安区,"113.885090,22.549635"
深圳市,BV10868018,铁路公园(地铁站),南山区,"113.889969,22.502908"
深圳市,BV10996673,流塘(地铁站),宝安区,"113.889190,22.583845"
深圳市,BV10249984,赤湾(地铁站),南山区,"113.897525,22.479227"
深圳市,BV10868015,妈湾(地铁站),南山区,"113.885929,22.507904"
深圳市,BV10672444,平湖(地铁站),龙岗区,"114.125805,22.693670"
深圳市,BV11496168,公明南(地铁站),光明区,"113.902316,22.767043"
深圳市,BV10527865,宝安(地铁站),宝安区,"113.880396,22.554590"
深圳市,BV10997905,四联(地铁站),龙岗区,"114.194933,22.649265"
深圳市,BV10249970,宝体(地铁站),宝安区,"113.880641,22.560741"
深圳市,BV11029716,圳美(地铁站),光明区,"113.949377,22.788614"
深圳市,BV10244749,海山(地铁站),盐田区,"114.237711,22.555537"
深圳市,BV10996668,宝安客运站(地铁站),宝安区,"113.883682,22.589374"
深圳市,BV10877296,长湖(地铁站),龙华区,"114.044796,22.710764"
深圳市,BV10996661,左炮台东(地铁站),南山区,"113.894514,22.468984"
深圳市,BV11029714,中大(地铁站),光明区,"113.954864,22.796836"
深圳市,BV10996632,罗租(地铁站),宝安区,"113.934056,22.668071"
深圳市,BV11490961,新塘围(地铁站),龙岗区,"114.286758,22.725264"
深圳市,BV10672433,双拥街(地铁站),龙岗区,"114.132978,22.698648"
深圳市,BV10877297,观澜(地铁站),龙华区,"114.054771,22.715172"
深圳市,BV10527867,官田(地铁站),宝安区,"113.949663,22.683253"
深圳市,BV11496165,长春北路(地铁站),光明区,"113.894324,22.784595"
深圳市,BV11029715,深理工(地铁站),光明区,"113.970021,22.808199"
深圳市,BV10996650,臣田(地铁站),宝安区,"113.878628,22.594407"
深圳市,BV10249956,横岗(地铁站),龙岗区,"114.208994,22.648442"
深圳市,BV11496172,下村(地铁站),光明区,"113.895574,22.791456"
深圳市,BV10249969,坪洲(地铁站),宝安区,"113.870711,22.568908"
深圳市,BV10996636,石岩(地铁站),宝安区,"113.938119,22.680007"
深圳市,BV10249916,盐田港西(地铁站),盐田区,"114.246899,22.562536"
深圳市,BV11443531,新生(地铁站),龙岗区,"114.282996,22.747829"
深圳市,BV10684318,深外高中(地铁站),盐田区,"114.244509,22.583784"
深圳市,BV10877295,松元厦(地铁站),龙华区,"114.064767,22.721153"
深圳市,BV10877300,观澜湖(地铁站),龙华区,"114.076271,22.721616"
深圳市,BV11496167,公明北(地铁站),光明区,"113.894285,22.804450"
深圳市,BV11393405,六和(地铁站),坪山区,"114.337404,22.696951"
深圳市,BV11393407,新和(地铁站),坪山区,"114.335500,22.703355"
深圳市,BV10996651,平峦山(地铁站),宝安区,"113.870905,22.602210"
深圳市,BV11552465,沙三(地铁站),宝安区,"113.808401,22.744275"
深圳市,BV10527880,上屋(地铁站),宝安区,"113.938536,22.689097"
深圳市,BV11552464,西环路(地铁站),宝安区,"113.801623,22.739635"
深圳市,BV10877298,牛湖(地铁站),龙华区,"114.089254,22.724608"
深圳市,BV11552463,步涌(地铁站),宝安区,"113.811832,22.757131"
深圳市,BV11552466,沙浦(地铁站),宝安区,"113.818884,22.768538"
深圳市,BV11552467,蚝乡(地铁站),宝安区,"113.790132,22.740593"
深圳市,BV10684315,盐田路(地铁站),盐田区,"114.255650,22.588959"
深圳市,BV10249955,永湖(地铁站),龙岗区,"114.218042,22.658995"
深圳市,BV10527859,碧海湾(地铁站),宝安区,"113.856093,22.575073"
深圳市,BV10997908,坳背(地铁站),龙岗区,"114.213653,22.668952"
深圳市,BV11411856,白石塘(地铁站),龙岗区,"114.302738,22.775057"
深圳市,BV10996664,西乡桃源(地铁站),宝安区,"113.862324,22.610805"
深圳市,BV10996653,钟屋南(地铁站),宝安区,"113.859910,22.617842"
深圳市,BV10249954,荷坳(地铁站),龙岗区,"114.224310,22.673079"
深圳市,BV11601406,华夏路(地铁站),光明区,"113.949911,22.750132"
深圳市,BV11601405,光明小镇(地铁站),光明区,"113.951039,22.758118"
深圳市,BV11655270,愉园(地铁站),龙岗区,"114.223894,22.728263"
深圳市,BV10249953,大运(地铁站),龙岗区,"114.228163,22.685720"
深圳市,BV10998865,大运中心(地铁站),龙岗区,"114.221493,22.694680"
深圳市,BV10996667,黄田(地铁站),宝安区,"113.845044,22.630950"
深圳市,BV10527877,长圳(地铁站),光明区,"113.930926,22.726332"
深圳市,BV10244581,后瑞(地铁站),宝安区,"113.835449,22.628835"
深圳市,BV10249952,爱联(地铁站),龙岗区,"114.234423,22.697495"
深圳市,BV10998853,黄阁坑(地铁站),龙岗区,"114.218182,22.719260"
深圳市,BV10996662,兴围(地铁站),宝安区,"113.834353,22.643139"
深圳市,BV10527878,凤凰城(地铁站),光明区,"113.932831,22.747433"
深圳市,BV10527864,机场(地铁站),宝安区,"113.813663,22.624026"
深圳市,BV10249951,吉祥(地铁站),龙岗区,"114.244318,22.709488"
深圳市,BV10249071,机场东(地铁站),宝安区,"113.822634,22.647001"
深圳市,BV10895876,光明大街(地铁站),光明区,"113.942714,22.761965"
深圳市,BV10996649,福围(地铁站),宝安区,"113.821490,22.657002"
深圳市,BV10998867,愉园(地铁站),龙岗区,"114.235915,22.729157"
深圳市,BV10997907,宝荷(地铁站),龙岗区,"114.277654,22.688061"
深圳市,BV10527871,光明(地铁站),光明区,"113.945204,22.771600"
深圳市,BV10243745,龙城广场(地铁站),龙岗区,"114.254592,22.716915"
深圳市,BV10998866,尚景(地铁站),龙岗区,"114.243718,22.729331"
深圳市,BV10996648,怀德(地铁站),宝安区,"113.818277,22.667561"
深圳市,BV10804214,小梅沙(地铁站),盐田区,"114.326201,22.601932"
深圳市,BV10998860,盛平(地铁站),龙岗区,"114.252266,22.731518"
深圳市,BV10527873,科学公园(地铁站),光明区,"113.934115,22.777469"
深圳市,BV10249950,南联(地铁站),龙岗区,"114.265531,22.721967"
深圳市,BV10680166,机场北(地铁站),宝安区,"113.798296,22.651433"
深圳市,BV10527868,楼村(地铁站),光明区,"113.923407,22.775910"
深圳市,BV10997906,宝龙(地铁站),龙岗区,"114.297675,22.688343"
深圳市,BV10249452,福永(地铁站),宝安区,"113.806076,22.673562"
深圳市,BV10998869,龙园(地铁站),龙岗区,"114.265417,22.731308"
深圳市,BV10527858,桥头(地铁站),宝安区,"113.811001,22.688133"
深圳市,BV10527872,红花山(地铁站),光明区,"113.907292,22.777684"
深圳市,BV10527860,塘尾(地铁站),宝安区,"113.817878,22.702075"
深圳市,BV10996666,桥头西(地铁站),宝安区,"113.797424,22.683226"
深圳市,BV10249894,公明广场(地铁站),光明区,"113.891407,22.777428"
深圳市,BV10793842,梨园(地铁站),龙岗区,"114.281821,22.735127"
深圳市,BV10729454,马安山(地铁站),宝安区,"113.817005,22.716998"
深圳市,BV10998859,龙东村(地铁站),龙岗区,"114.295348,22.721952"
深圳市,BV10996656,福海西(地铁站),宝安区,"113.789475,22.688318"
深圳市,BV10998868,宝龙同乐(地铁站),龙岗区,"114.312123,22.709260"
深圳市,BV10527869,合水口(地铁站),光明区,"113.880928,22.781610"
深圳市,BV10997911,沙湖(地铁站),坪山区,"114.333850,22.680167"
深圳市,BV10804220,溪涌(地铁站),龙岗区,"114.362855,22.611969"
深圳市,BV10861135,国展南(地铁站),宝安区,"113.778411,22.684337"
深圳市,BV10527879,薯田埔(地铁站),光明区,"113.867694,22.780928"
深圳市,BV10998862,坪山(地铁站),龙岗区,"114.327518,22.705701"
深圳市,BV10996669,国展(地铁站),宝安区,"113.777957,22.695959"
深圳市,BV10527863,后亭(地铁站),宝安区,"113.826874,22.752625"
深圳市,BV10997909,坪山围(地铁站),坪山区,"114.343312,22.691367"
深圳市,BV10998864,坪环(地铁站),坪山区,"114.346800,22.685255"
深圳市,BV10793839,坪西(地铁站),龙岗区,"114.282266,22.763483"
深圳市,BV10996657,国展北(地铁站),宝安区,"113.776899,22.703129"
深圳市,BV10249897,松岗公园(地铁站),宝安区,"113.848310,22.777920"
深圳市,BV10527870,溪头(地铁站),宝安区,"113.837650,22.774648"
深圳市,BV10998855,江岭(地铁站),坪山区,"114.355144,22.685899"
深圳市,BV10996663,海上田园南(地铁站),宝安区,"113.778501,22.715520"
深圳市,BV10997914,坪山广场(地铁站),坪山区,"114.348777,22.700511"
深圳市,BV10793835,低碳城(地铁站),龙岗区,"114.289066,22.771632"
深圳市,BV10861136,会展城(地铁站),宝安区,"113.769777,22.712135"
深圳市,BV10996659,海上田园东(地铁站),宝安区,"113.781248,22.731201"
深圳市,BV10998863,沙壆(地铁站),坪山区,"114.370499,22.686930"
深圳市,BV10997910,坪山中心(地铁站),坪山区,"114.352419,22.709718"
深圳市,BV10527861,碧头(地铁站),宝安区,"113.819959,22.784486"
深圳市,BV10998854,燕子岭(地铁站),坪山区,"114.378670,22.689786"
深圳市,BV10793838,富坪(地铁站),龙岗区,"114.310743,22.780139"
深圳市,BV10998861,石井(地铁站),坪山区,"114.385550,22.692631"
深圳市,BV10793840,坪地六联(地铁站),龙岗区,"114.324020,22.788888"
深圳市,BV10998857,技术大学(地铁站),坪山区,"114.401254,22.698401"
深圳市,BV10997902,坑梓(地铁站),坪山区,"114.370817,22.745158"
深圳市,BV10998858,田心(地铁站),坪山区,"114.415584,22.693759"
深圳市,BV10997913,沙田(地铁站),坪山区,"114.400696,22.756113"
